DISCOUNT_ITEM_ID|DISCOUNT_ITEM_TYPE|DISCOUNT_ITEM_VALUE|CONDITION_ID
1615611|1|HPN;R  ;1K112O   ;*;*;*;*;R;*;*;|134981
1615612|1|HPN;R  ;1K113O   ;*;*;*;*;R;*;*;|134981
1615613|1|HPN;R  ;1K114O   ;*;*;*;*;R;*;*;|134982
1615614|1|HPN;R  ;1K116O   ;*;*;*;*;R;*;*;|134983
1615615|1|HPN;R  ;1K111Q   ;*;*;*;*;R;*;*;|134984
1615616|1|HPN;R  ;1K112Q   ;*;*;*;*;R;*;*;|134984
1615617|1|HPN;R  ;1K116Q   ;*;*;*;*;R;*;*;|134984
1615618|1|HPN;R  ;1K114Q   ;*;*;*;*;R;*;*;|134984
1615619|1|HPN;R  ;1K115Q   ;*;*;*;*;R;*;*;|134984
1615620|1|HPN;R  ;1K113Q   ;*;*;*;*;R;*;*;|134984
1615621|1|HPN;R  ;1K111Q   ;*;*;*;*;R;*;*;|134984
1615622|1|HPN;R  ;1K112Q   ;*;*;*;*;R;*;*;|134984
1615623|1|HPN;R  ;1K113Q   ;*;*;*;*;R;*;*;|134984
1615624|1|HPN;R  ;1K114Q   ;*;*;*;*;R;*;*;|134984
1615625|1|HPN;R  ;1K115Q   ;*;*;*;*;R;*;*;|134984
1615626|1|HPN;R  ;1K116Q   ;*;*;*;*;R;*;*;|134984
1615643|1|HPN;R  ;1K111O   ;*;*;*;*;R;*;*;|134984
1615644|1|HPN;R  ;RL911    ;*;*;*;*;R;*;*;|134984
1615639|1|HPN;R  ;1K111O   ;*;*;*;*;R;*;*;|134984
1615640|1|HPN;R  ;RL911    ;*;*;*;*;R;*;*;|134984
1615647|1|HPN;R  ;1K115O   ;*;*;*;*;R;*;*;|134984
1615648|1|HPN;R  ;RL911    ;*;*;*;*;R;*;*;|134984
1615669|1|HPN;R  ;1K114Q   ;*;*;*;*;R;*;*;|134984
1615670|1|HPN;R  ;1K114O   ;*;*;*;*;R;*;*;|134984
1615671|1|HPN;R  ;1K111O   ;*;*;*;*;R;*;*;|134984
1615672|1|HPN;R  ;1K111Q   ;*;*;*;*;R;*;*;|134984
1615673|1|HPN;R  ;1K112O   ;*;*;*;*;R;*;*;|134984
1615674|1|HPN;R  ;1K116Q   ;*;*;*;*;R;*;*;|134984
1615675|1|HPN;R  ;RL911    ;*;*;*;*;R;*;*;|134984
1615676|1|HPN;R  ;1K113Q   ;*;*;*;*;R;*;*;|134984
1615677|1|HPN;R  ;1K115O   ;*;*;*;*;R;*;*;|134984
1615678|1|HPN;R  ;1K115Q   ;*;*;*;*;R;*;*;|134984
1615679|1|HPN;R  ;1K116O   ;*;*;*;*;R;*;*;|134984
1615680|1|HPN;R  ;1K112Q   ;*;*;*;*;R;*;*;|134984
1615681|1|HPN;R  ;QR911    ;*;*;*;*;R;*;*;|134984
1615682|1|HPN;R  ;1K113O   ;*;*;*;*;R;*;*;|134984
1615683|1|HPN;R  ;1K115Q   ;*;*;*;*;R;*;*;|134984
1615684|1|HPN;R  ;1K115O   ;*;*;*;*;R;*;*;|134984
1615685|1|HPN;R  ;1K111O   ;*;*;*;*;R;*;*;|134984
1615686|1|HPN;R  ;1K111Q   ;*;*;*;*;R;*;*;|134984
1615687|1|HPN;R  ;1K112O   ;*;*;*;*;R;*;*;|134984
1615688|1|HPN;R  ;1K116Q   ;*;*;*;*;R;*;*;|134984
1615689|1|HPN;R  ;RL911    ;*;*;*;*;R;*;*;|134984
1615690|1|HPN;R  ;1K113Q   ;*;*;*;*;R;*;*;|134984
1615691|1|HPN;R  ;1K114O   ;*;*;*;*;R;*;*;|134984
1615692|1|HPN;R  ;1K114Q   ;*;*;*;*;R;*;*;|134984
1615693|1|HPN;R  ;1K116O   ;*;*;*;*;R;*;*;|134984
1615694|1|HPN;R  ;1K112Q   ;*;*;*;*;R;*;*;|134984
1615695|1|HPN;R  ;QR911    ;*;*;*;*;R;*;*;|134984
1615696|1|HPN;R  ;1K113O   ;*;*;*;*;R;*;*;|134984
1615797|1|HPN;R  ;1K111O   ;*;*;*;*;R;*;*;|134984
1615798|1|HPN;R  ;1K115O   ;*;*;*;*;R;*;*;|134984
1615799|1|HPN;R  ;1K112O   ;*;*;*;*;R;*;*;|134984
1615800|1|HPN;R  ;1K116O   ;*;*;*;*;R;*;*;|134984
1615809|1|HPN;R  ;1K115O   ;*;*;*;*;R;*;*;|134984
1615810|1|HPN;R  ;1K111O   ;*;*;*;*;R;*;*;|134984
1615811|1|HPN;R  ;1K112O   ;*;*;*;*;R;*;*;|134984
1615812|1|HPN;R  ;1K116O   ;*;*;*;*;R;*;*;|134984
1615815|1|HPN;R  ;1K115Q   ;*;*;*;*;R;*;*;|134984
1615816|1|HPN;R  ;1K111Q   ;*;*;*;*;R;*;*;|134984
1615817|1|HPN;R  ;1K112Q   ;*;*;*;*;R;*;*;|134984
1615818|1|HPN;R  ;1K116Q   ;*;*;*;*;R;*;*;|134984
1615833|1|HPN;R  ;1K111O   ;*;*;*;*;R;*;*;|134984
1615834|1|HPN;R  ;1K115O   ;*;*;*;*;R;*;*;|134984
1615835|1|HPN;R  ;1K112O   ;*;*;*;*;R;*;*;|134984
1615836|1|HPN;R  ;1K116O   ;*;*;*;*;R;*;*;|134984
1615837|1|HPN;R  ;1K111O   ;*;*;*;*;R;*;*;|134984
1615838|1|HPN;R  ;1K111Q   ;*;*;*;*;R;*;*;|134984
1615839|1|HPN;R  ;1K112O   ;*;*;*;*;R;*;*;|134984
1615840|1|HPN;R  ;1K112Q   ;*;*;*;*;R;*;*;|134984
1615841|1|HPN;R  ;1K115Q   ;*;*;*;*;R;*;*;|134984
1615842|1|HPN;R  ;1K111Q   ;*;*;*;*;R;*;*;|134984
1615843|1|HPN;R  ;1K112Q   ;*;*;*;*;R;*;*;|134984
1615844|1|HPN;R  ;1K116Q   ;*;*;*;*;R;*;*;|134984
1615845|1|HPN;R  ;1K111O   ;*;*;*;*;R;*;*;|134984
1615846|1|HPN;R  ;1K112O   ;*;*;*;*;R;*;*;|134984
1615847|1|HPN;R  ;1K111O   ;*;*;*;*;R;*;*;|134984
1615848|1|HPN;R  ;1K112O   ;*;*;*;*;R;*;*;|134984
1615851|1|HPN;R  ;1K115O   ;*;*;*;*;R;*;*;|134984
1615852|1|HPN;R  ;1K116O   ;*;*;*;*;R;*;*;|134984
1615853|1|HPN;R  ;1K115Q   ;*;*;*;*;R;*;*;|134984
1615854|1|HPN;R  ;1K116Q   ;*;*;*;*;R;*;*;|134984
1615857|1|HPN;R  ;1K115O   ;*;*;*;*;R;*;*;|134984
1615858|1|HPN;R  ;1K116O   ;*;*;*;*;R;*;*;|134984
1615861|1|HPN;R  ;1K111O   ;*;*;*;*;R;*;*;|134984
1615862|1|HPN;R  ;1K115O   ;*;*;*;*;R;*;*;|134984
1615863|1|HPN;R  ;1K112O   ;*;*;*;*;R;*;*;|134984
1615864|1|HPN;R  ;1K116O   ;*;*;*;*;R;*;*;|134984
1615869|1|HPN;R  ;1K115Q   ;*;*;*;*;R;*;*;|134984
1615870|1|HPN;R  ;1K116Q   ;*;*;*;*;R;*;*;|134984
1615871|1|HPN;R  ;1K111O   ;*;*;*;*;R;*;*;|134984
1615872|1|HPN;R  ;1K115O   ;*;*;*;*;R;*;*;|134984
1615873|1|HPN;R  ;1K112O   ;*;*;*;*;R;*;*;|134984
1615874|1|HPN;R  ;1K116O   ;*;*;*;*;R;*;*;|134984
1615885|1|HPN;R  ;1K111O   ;*;*;*;*;R;*;*;|134984
1615886|1|HPN;R  ;1K111Q   ;*;*;*;*;R;*;*;|134984
1615887|1|HPN;R  ;1K112O   ;*;*;*;*;R;*;*;|134984
1615888|1|HPN;R  ;1K112Q   ;*;*;*;*;R;*;*;|134984
1615889|1|HPN;R  ;1K111O   ;*;*;*;*;R;*;*;|134984
1615890|1|HPN;R  ;1K111Q   ;*;*;*;*;R;*;*;|134984
1615891|1|HPN;R  ;1K112O   ;*;*;*;*;R;*;*;|134984
1615892|1|HPN;R  ;1K112Q   ;*;*;*;*;R;*;*;|134984
1615913|1|HPN;R  ;1K115Q   ;*;*;*;*;R;*;*;|134984
1615914|1|HPN;R  ;1K111Q   ;*;*;*;*;R;*;*;|134984
1615915|1|HPN;R  ;RL911    ;*;*;*;*;R;*;*;|134984
1615916|1|HPN;R  ;1K115O   ;*;*;*;*;R;*;*;|134984
1615917|1|HPN;R  ;QR911    ;*;*;*;*;R;*;*;|134984
1615918|1|HPN;R  ;1K111O   ;*;*;*;*;R;*;*;|134984
1615919|1|HPN;R  ;1K112O   ;*;*;*;*;R;*;*;|134984
1615920|1|HPN;R  ;1K112Q   ;*;*;*;*;R;*;*;|134984
1615921|1|HPN;R  ;1K116O   ;*;*;*;*;R;*;*;|134984
1615922|1|HPN;R  ;1K116Q   ;*;*;*;*;R;*;*;|134984
1615923|1|HPN;R  ;1K111O   ;*;*;*;*;R;*;*;|134984
1615924|1|HPN;R  ;1K111Q   ;*;*;*;*;R;*;*;|134984
1615925|1|HPN;R  ;1K112O   ;*;*;*;*;R;*;*;|134984
1615926|1|HPN;R  ;1K112Q   ;*;*;*;*;R;*;*;|134984
1615927|1|HPN;R  ;1K111O   ;*;*;*;*;R;*;*;|134984
1615928|1|HPN;R  ;1K111Q   ;*;*;*;*;R;*;*;|134984
1615929|1|HPN;R  ;1K112O   ;*;*;*;*;R;*;*;|134984
1615930|1|HPN;R  ;1K112Q   ;*;*;*;*;R;*;*;|134984
1615931|1|HPN;R  ;1K111O   ;*;*;*;*;R;*;*;|134984
1615932|1|HPN;R  ;1K111Q   ;*;*;*;*;R;*;*;|134984
1615933|1|HPN;R  ;1K112O   ;*;*;*;*;R;*;*;|134984
1615934|1|HPN;R  ;1K112Q   ;*;*;*;*;R;*;*;|134984
1615935|1|HPN;R  ;1K115O   ;*;*;*;*;R;*;*;|134984
1615936|1|HPN;R  ;1K116O   ;*;*;*;*;R;*;*;|134984
1615937|1|HPN;R  ;1K115Q   ;*;*;*;*;R;*;*;|134984
1615938|1|HPN;R  ;1K116Q   ;*;*;*;*;R;*;*;|134984
1615939|1|HPN;R  ;1K111Q   ;*;*;*;*;R;*;*;|134984
1615940|1|HPN;R  ;1K111O   ;*;*;*;*;R;*;*;|134984
1615941|1|HPN;R  ;1K112O   ;*;*;*;*;R;*;*;|134984
1615942|1|HPN;R  ;1K112Q   ;*;*;*;*;R;*;*;|134984
1615943|1|HPN;R  ;1K115Q   ;*;*;*;*;R;*;*;|134984
1615944|1|HPN;R  ;1K116Q   ;*;*;*;*;R;*;*;|134984
1615945|1|HPN;R  ;1K115Q   ;*;*;*;*;R;*;*;|134984
1615946|1|HPN;R  ;1K111Q   ;*;*;*;*;R;*;*;|134984
1615947|1|HPN;R  ;1K112Q   ;*;*;*;*;R;*;*;|134984
1615948|1|HPN;R  ;1K116Q   ;*;*;*;*;R;*;*;|134984
1615949|1|HPN;R  ;1K115O   ;*;*;*;*;R;*;*;|134984
1615950|1|HPN;R  ;1K116O   ;*;*;*;*;R;*;*;|134984
1615951|1|HPN;R  ;1K115Q   ;*;*;*;*;R;*;*;|134984
1615952|1|HPN;R  ;1K116Q   ;*;*;*;*;R;*;*;|134984
1615955|1|HPN;R  ;1K115O   ;*;*;*;*;R;*;*;|134984
1615956|1|HPN;R  ;1K116O   ;*;*;*;*;R;*;*;|134984
1615959|1|HPN;R  ;1K115Q   ;*;*;*;*;R;*;*;|134984
1615960|1|HPN;R  ;1K116Q   ;*;*;*;*;R;*;*;|134984
1615961|1|HPN;R  ;RL911    ;*;*;*;*;R;*;*;|134984
1615962|1|HPN;R  ;QR911    ;*;*;*;*;R;*;*;|134984
1615963|1|HPN;R  ;1K113O   ;*;*;*;*;R;*;*;|134984
1615966|1|HPN;R  ;1K111O   ;*;*;*;*;R;*;*;|134984
1615967|1|HPN;R  ;1K112O   ;*;*;*;*;R;*;*;|134984
1615968|1|HPN;R  ;1K111O   ;*;*;*;*;R;*;*;|134984
1615969|1|HPN;R  ;1K112O   ;*;*;*;*;R;*;*;|134984
1615970|1|HPN;R  ;1K111Q   ;*;*;*;*;R;*;*;|134984
1615971|1|HPN;R  ;1K112Q   ;*;*;*;*;R;*;*;|134984
1615972|1|HPN;R  ;1K115O   ;*;*;*;*;R;*;*;|134984
1615973|1|HPN;R  ;1K116O   ;*;*;*;*;R;*;*;|134984
1615983|1|HPN;R  ;1K115Q   ;*;*;*;*;R;*;*;|134984
1615984|1|HPN;R  ;1K116Q   ;*;*;*;*;R;*;*;|134984
1633711|1|HPN;R  ;1K112O   ;*;*;*;*;R;*;*;|134984
1633712|1|HPN;R  ;1K111O   ;*;*;*;*;R;*;*;|134984
1633713|1|HPN;R  ;1K116O   ;*;*;*;*;R;*;*;|134984
1633714|1|HPN;R  ;1K115O   ;*;*;*;*;R;*;*;|134984
1633715|1|HPN;R  ;1K115O   ;*;*;*;*;R;*;*;|134984
1633716|1|HPN;R  ;1K116O   ;*;*;*;*;R;*;*;|134984
1635353|1|HPN;R  ;1K115O   ;*;*;*;*;R;*;*;|134984
1635354|1|HPN;R  ;1K116O   ;*;*;*;*;R;*;*;|134984
1635335|1|HPN;R  ;1K111O   ;*;*;*;*;R;*;*;|134984
1635336|1|HPN;R  ;1K112O   ;*;*;*;*;R;*;*;|134984
1635337|1|HPN;R  ;1K116O   ;*;*;*;*;R;*;*;|134984
1635338|1|HPN;R  ;1K115O   ;*;*;*;*;R;*;*;|134984
1635333|1|HPN;R  ;1K112O   ;*;*;*;*;R;*;*;|134984
1635334|1|HPN;R  ;1K111O   ;*;*;*;*;R;*;*;|134984
1635355|1|HPN;R  ;1K111Q   ;*;*;*;*;R;*;*;|134984
1635356|1|HPN;R  ;1K112Q   ;*;*;*;*;R;*;*;|134984
1635357|1|HPN;R  ;1K112Q   ;*;*;*;*;R;*;*;|134984
1635358|1|HPN;R  ;1K111Q   ;*;*;*;*;R;*;*;|134984
1635359|1|HPN;R  ;1K115Q   ;*;*;*;*;R;*;*;|134984
1635360|1|HPN;R  ;1K116Q   ;*;*;*;*;R;*;*;|134984
1635361|1|HPN;R  ;1K116Q   ;*;*;*;*;R;*;*;|134984
1635362|1|HPN;R  ;1K115Q   ;*;*;*;*;R;*;*;|134984
1663691|1|HPN;R  ;1K111O   ;*;*;*;*;R;*;*;|134984
1663692|1|HPN;R  ;RL911    ;*;*;*;*;R;*;*;|134984
1663631|1|HPN;R  ;RL911    ;*;*;*;*;R;*;*;|134984
1663632|1|HPN;R  ;1K111O   ;*;*;*;*;R;*;*;|134984
1663629|1|HPN;R  ;RL911    ;*;*;*;*;R;*;*;|134984
1663630|1|HPN;R  ;1K111O   ;*;*;*;*;R;*;*;|134984
1663662|1|HPN;R  ;1K116O   ;*;*;*;*;R;*;*;|134984
1663663|1|HPN;R  ;1K115O   ;*;*;*;*;R;*;*;|134984
1663651|1|HPN;R  ;RL911    ;*;*;*;*;R;*;*;|134984
1663652|1|HPN;R  ;1K115O   ;*;*;*;*;R;*;*;|134984
1663657|1|HPN;R  ;RL911    ;*;*;*;*;R;*;*;|134984
1663658|1|HPN;R  ;QR911    ;*;*;*;*;R;*;*;|134984
1663659|1|HPN;R  ;1K113O   ;*;*;*;*;R;*;*;|134984
1663660|1|HPN;R  ;1K115O   ;*;*;*;*;R;*;*;|134984
1663661|1|HPN;R  ;1K116O   ;*;*;*;*;R;*;*;|134984
1663689|1|HPN;R  ;1K111O   ;*;*;*;*;R;*;*;|134984
1663690|1|HPN;R  ;RL911    ;*;*;*;*;R;*;*;|134984
1663697|1|HPN;R  ;RL911    ;*;*;*;*;R;*;*;|134984
1663698|1|HPN;R  ;1K113O   ;*;*;*;*;R;*;*;|134984
1663699|1|HPN;R  ;QR911    ;*;*;*;*;R;*;*;|134984
1663711|1|HPN;R  ;1K115O   ;*;*;*;*;R;*;*;|134984
1663712|1|HPN;R  ;RL911    ;*;*;*;*;R;*;*;|134984
1663717|1|HPN;R  ;1K114Q   ;*;*;*;*;R;*;*;|134984
1663718|1|HPN;R  ;1K114O   ;*;*;*;*;R;*;*;|134984
1663719|1|HPN;R  ;1K111O   ;*;*;*;*;R;*;*;|134984
1663720|1|HPN;R  ;1K111Q   ;*;*;*;*;R;*;*;|134984
1663721|1|HPN;R  ;1K112O   ;*;*;*;*;R;*;*;|134984
1663722|1|HPN;R  ;1K116Q   ;*;*;*;*;R;*;*;|134984
1663723|1|HPN;R  ;1K113O   ;*;*;*;*;R;*;*;|134984
1663724|1|HPN;R  ;1K113Q   ;*;*;*;*;R;*;*;|134984
1663725|1|HPN;R  ;1K115O   ;*;*;*;*;R;*;*;|134984
1663726|1|HPN;R  ;1K115Q   ;*;*;*;*;R;*;*;|134984
1663727|1|HPN;R  ;1K116O   ;*;*;*;*;R;*;*;|134984
1663728|1|HPN;R  ;1K112Q   ;*;*;*;*;R;*;*;|134984
1663729|1|HPN;R  ;QR911    ;*;*;*;*;R;*;*;|134984
1663730|1|HPN;R  ;RL911    ;*;*;*;*;R;*;*;|134984
1663731|1|HPN;R  ;1K115Q   ;*;*;*;*;R;*;*;|134984
1663732|1|HPN;R  ;1K115O   ;*;*;*;*;R;*;*;|134984
1663733|1|HPN;R  ;1K111O   ;*;*;*;*;R;*;*;|134984
1663734|1|HPN;R  ;1K111Q   ;*;*;*;*;R;*;*;|134984
1663735|1|HPN;R  ;1K112O   ;*;*;*;*;R;*;*;|134984
1663736|1|HPN;R  ;1K116Q   ;*;*;*;*;R;*;*;|134984
1663737|1|HPN;R  ;1K113O   ;*;*;*;*;R;*;*;|134984
1663738|1|HPN;R  ;1K113Q   ;*;*;*;*;R;*;*;|134984
1663739|1|HPN;R  ;1K114O   ;*;*;*;*;R;*;*;|134984
1663740|1|HPN;R  ;1K114Q   ;*;*;*;*;R;*;*;|134984
1663741|1|HPN;R  ;1K116O   ;*;*;*;*;R;*;*;|134984
1663742|1|HPN;R  ;1K112Q   ;*;*;*;*;R;*;*;|134984
1663743|1|HPN;R  ;QR911    ;*;*;*;*;R;*;*;|134984
1663744|1|HPN;R  ;RL911    ;*;*;*;*;R;*;*;|134984
1663745|1|HPN;R  ;1K115O   ;*;*;*;*;R;*;*;|134984
1663746|1|HPN;R  ;1K111O   ;*;*;*;*;R;*;*;|134984
1663747|1|HPN;R  ;1K112O   ;*;*;*;*;R;*;*;|134984
1663748|1|HPN;R  ;1K113O   ;*;*;*;*;R;*;*;|134984
1663749|1|HPN;R  ;1K114O   ;*;*;*;*;R;*;*;|134984
1663750|1|HPN;R  ;1K116O   ;*;*;*;*;R;*;*;|134984
1663751|1|HPN;R  ;1K115O   ;*;*;*;*;R;*;*;|134984
1663752|1|HPN;R  ;1K111O   ;*;*;*;*;R;*;*;|134984
1663753|1|HPN;R  ;1K116O   ;*;*;*;*;R;*;*;|134984
1663754|1|HPN;R  ;1K113O   ;*;*;*;*;R;*;*;|134984
1663755|1|HPN;R  ;1K114O   ;*;*;*;*;R;*;*;|134984
1663756|1|HPN;R  ;1K112O   ;*;*;*;*;R;*;*;|134984
1663757|1|HPN;R  ;1K111Q   ;*;*;*;*;R;*;*;|134984
1663758|1|HPN;R  ;1K112Q   ;*;*;*;*;R;*;*;|134984
1663759|1|HPN;R  ;1K113Q   ;*;*;*;*;R;*;*;|134984
1663760|1|HPN;R  ;1K114Q   ;*;*;*;*;R;*;*;|134984
1663761|1|HPN;R  ;1K115Q   ;*;*;*;*;R;*;*;|134984
1663762|1|HPN;R  ;1K116Q   ;*;*;*;*;R;*;*;|134984
1663763|1|HPN;R  ;1K111Q   ;*;*;*;*;R;*;*;|134984
1663764|1|HPN;R  ;1K112Q   ;*;*;*;*;R;*;*;|134984
1663765|1|HPN;R  ;1K116Q   ;*;*;*;*;R;*;*;|134984
1663766|1|HPN;R  ;1K114Q   ;*;*;*;*;R;*;*;|134984
1663767|1|HPN;R  ;1K115Q   ;*;*;*;*;R;*;*;|134984
1663768|1|HPN;R  ;1K113Q   ;*;*;*;*;R;*;*;|134984
1663998|1|HPN;R  ;RL911    ;*;*;*;*;R;*;*;|134984
1663999|1|HPN;R  ;1K111O   ;*;*;*;*;R;*;*;|134984
1663996|1|HPN;R  ;RL911    ;*;*;*;*;R;*;*;|134984
1663997|1|HPN;R  ;1K111O   ;*;*;*;*;R;*;*;|134984
1664004|1|HPN;R  ;RL911    ;*;*;*;*;R;*;*;|134984
1664005|1|HPN;R  ;QR911    ;*;*;*;*;R;*;*;|134984
1664006|1|HPN;R  ;1K113O   ;*;*;*;*;R;*;*;|134984
1664018|1|HPN;R  ;RL911    ;*;*;*;*;R;*;*;|134984
1664019|1|HPN;R  ;1K115O   ;*;*;*;*;R;*;*;|134984
1664321|1|HPN;R  ;1K115Q   ;*;*;*;*;R;*;*;|134984
1664322|1|HPN;R  ;1K116Q   ;*;*;*;*;R;*;*;|134984
1664323|1|HPN;R  ;1K112Q   ;*;*;*;*;R;*;*;|134984
1664324|1|HPN;R  ;1K111Q   ;*;*;*;*;R;*;*;|134984
1664325|1|HPN;R  ;1K111O   ;*;*;*;*;R;*;*;|134984
1664326|1|HPN;R  ;1K112O   ;*;*;*;*;R;*;*;|134984
1664327|1|HPN;R  ;1K115O   ;*;*;*;*;R;*;*;|134984
1664328|1|HPN;R  ;1K116O   ;*;*;*;*;R;*;*;|134984
1664329|1|HPN;R  ;1K115Q   ;*;*;*;*;R;*;*;|134984
1664330|1|HPN;R  ;1K116Q   ;*;*;*;*;R;*;*;|134984
1664331|1|HPN;R  ;1K112Q   ;*;*;*;*;R;*;*;|134984
1664332|1|HPN;R  ;1K111Q   ;*;*;*;*;R;*;*;|134984
1664333|1|HPN;R  ;1K111O   ;*;*;*;*;R;*;*;|134984
1664334|1|HPN;R  ;1K112O   ;*;*;*;*;R;*;*;|134984
1664335|1|HPN;R  ;1K115O   ;*;*;*;*;R;*;*;|134984
1664336|1|HPN;R  ;1K116O   ;*;*;*;*;R;*;*;|134984
1664341|1|HPN;R  ;1K116Q   ;*;*;*;*;R;*;*;|134984
1664342|1|HPN;R  ;1K115Q   ;*;*;*;*;R;*;*;|134984
1664343|1|HPN;R  ;1K115O   ;*;*;*;*;R;*;*;|134984
1664344|1|HPN;R  ;1K116O   ;*;*;*;*;R;*;*;|134984
1664349|1|HPN;R  ;1K116Q   ;*;*;*;*;R;*;*;|134984
1664350|1|HPN;R  ;1K115Q   ;*;*;*;*;R;*;*;|134984
1664351|1|HPN;R  ;1K115O   ;*;*;*;*;R;*;*;|134984
1664352|1|HPN;R  ;1K116O   ;*;*;*;*;R;*;*;|134984
1664353|1|HPN;R  ;1K116Q   ;*;*;*;*;R;*;*;|134984
1664354|1|HPN;R  ;1K115Q   ;*;*;*;*;R;*;*;|134984
1664355|1|HPN;R  ;1K115O   ;*;*;*;*;R;*;*;|134984
1664356|1|HPN;R  ;1K116O   ;*;*;*;*;R;*;*;|134984
1664357|1|HPN;R  ;1K116Q   ;*;*;*;*;R;*;*;|134984
1664358|1|HPN;R  ;1K115Q   ;*;*;*;*;R;*;*;|134984
1664359|1|HPN;R  ;1K115O   ;*;*;*;*;R;*;*;|134984
1664360|1|HPN;R  ;1K116O   ;*;*;*;*;R;*;*;|134984
1664361|1|HPN;R  ;1K115Q   ;*;*;*;*;R;*;*;|134984
1664362|1|HPN;R  ;1K116Q   ;*;*;*;*;R;*;*;|134984
1664363|1|HPN;R  ;1K112Q   ;*;*;*;*;R;*;*;|134984
1664364|1|HPN;R  ;1K111Q   ;*;*;*;*;R;*;*;|134984
1664365|1|HPN;R  ;1K111O   ;*;*;*;*;R;*;*;|134984
1664366|1|HPN;R  ;1K112O   ;*;*;*;*;R;*;*;|134984
1664367|1|HPN;R  ;1K115O   ;*;*;*;*;R;*;*;|134984
1664368|1|HPN;R  ;1K116O   ;*;*;*;*;R;*;*;|134984
1664369|1|HPN;R  ;1K116Q   ;*;*;*;*;R;*;*;|134984
1664370|1|HPN;R  ;1K115Q   ;*;*;*;*;R;*;*;|134984
1664371|1|HPN;R  ;1K115O   ;*;*;*;*;R;*;*;|134984
1664372|1|HPN;R  ;1K116O   ;*;*;*;*;R;*;*;|134984
1610483|1|HPN;R  ;1K111O   ;*;*;*;*;R;*;*;|134984
1610484|1|HPN;R  ;1K111Q   ;*;*;*;*;R;*;*;|134984
1610491|1|HPN;R  ;1K115Q   ;*;*;*;*;R;*;*;|134984
1610492|1|HPN;R  ;1K115O   ;*;*;*;*;R;*;*;|134984
1610493|1|HPN;R  ;1K111O   ;*;*;*;*;R;*;*;|134984
1610494|1|HPN;R  ;1K111Q   ;*;*;*;*;R;*;*;|134984
1610495|1|HPN;R  ;1K112O   ;*;*;*;*;R;*;*;|134984
1610496|1|HPN;R  ;1K112Q   ;*;*;*;*;R;*;*;|134984
1610497|1|HPN;R  ;1K113O   ;*;*;*;*;R;*;*;|134984
1610498|1|HPN;R  ;1K113Q   ;*;*;*;*;R;*;*;|134984
1610499|1|HPN;R  ;1K114O   ;*;*;*;*;R;*;*;|134984
1610500|1|HPN;R  ;1K114Q   ;*;*;*;*;R;*;*;|134984
1610501|1|HPN;R  ;1K116O   ;*;*;*;*;R;*;*;|134984
1610502|1|HPN;R  ;1K116Q   ;*;*;*;*;R;*;*;|134984
1610503|1|HPN;R  ;1K113O   ;*;*;*;*;R;*;*;|134984
1610504|1|HPN;R  ;1K113Q   ;*;*;*;*;R;*;*;|134984
1610505|1|HPN;R  ;1K114O   ;*;*;*;*;R;*;*;|134984
1610506|1|HPN;R  ;1K114Q   ;*;*;*;*;R;*;*;|134984
1610529|1|HPN;R  ;NAULP    ;*;*;*;*;R;*;*;|134984
1610530|1|HPN;R  ;WLDUN    ;*;*;*;*;R;*;*;|134984
1610531|1|HPN;R  ;PUNUN    ;*;*;*;*;R;*;*;|134984
1610532|1|HPN;R  ;WLDUN    ;*;*;*;*;R;*;*;|134984
1610533|1|HPN;R  ;PUNUN    ;*;*;*;*;R;*;*;|134984
1610565|1|HPN;R  ;1K115Q   ;*;*;*;*;R;*;*;|134984
1610566|1|HPN;R  ;1K115O   ;*;*;*;*;R;*;*;|134984
1610567|1|HPN;R  ;1K111O   ;*;*;*;*;R;*;*;|134984
1610568|1|HPN;R  ;1K111Q   ;*;*;*;*;R;*;*;|134984
1610573|1|HPN;R  ;1K115Q   ;*;*;*;*;R;*;*;|134984
1610574|1|HPN;R  ;1K115O   ;*;*;*;*;R;*;*;|134984
1610575|1|HPN;R  ;1K111O   ;*;*;*;*;R;*;*;|134984
1610576|1|HPN;R  ;1K111Q   ;*;*;*;*;R;*;*;|134984
1610577|1|HPN;R  ;1K115Q   ;*;*;*;*;R;*;*;|134984
1610578|1|HPN;R  ;1K115O   ;*;*;*;*;R;*;*;|134984
1610579|1|HPN;R  ;1K111O   ;*;*;*;*;R;*;*;|134984
1610580|1|HPN;R  ;1K111Q   ;*;*;*;*;R;*;*;|134984
1610581|1|HPN;R  ;1K115Q   ;*;*;*;*;R;*;*;|134984
1610582|1|HPN;R  ;1K111Q   ;*;*;*;*;R;*;*;|134984
1610583|1|HPN;R  ;1K111O   ;*;*;*;*;R;*;*;|134984
1610584|1|HPN;R  ;1K115O   ;*;*;*;*;R;*;*;|134984
1610585|1|HPN;R  ;1K115Q   ;*;*;*;*;R;*;*;|134984
1610586|1|HPN;R  ;1K115O   ;*;*;*;*;R;*;*;|134984
1610587|1|HPN;R  ;1K111O   ;*;*;*;*;R;*;*;|134984
1610588|1|HPN;R  ;1K111Q   ;*;*;*;*;R;*;*;|134984
1610593|1|HPN;R  ;1K115Q   ;*;*;*;*;R;*;*;|134984
1610594|1|HPN;R  ;1K111Q   ;*;*;*;*;R;*;*;|134984
1610595|1|HPN;R  ;1K111O   ;*;*;*;*;R;*;*;|134984
1610596|1|HPN;R  ;1K115O   ;*;*;*;*;R;*;*;|134984
1610597|1|HPN;R  ;1K115Q   ;*;*;*;*;R;*;*;|134984
1610598|1|HPN;R  ;1K111Q   ;*;*;*;*;R;*;*;|134984
1610599|1|HPN;R  ;1K111O   ;*;*;*;*;R;*;*;|134984
1610600|1|HPN;R  ;1K115O   ;*;*;*;*;R;*;*;|134984
1610609|1|HPN;R  ;1K115Q   ;*;*;*;*;R;*;*;|134984
1610610|1|HPN;R  ;1K115O   ;*;*;*;*;R;*;*;|134984
1610611|1|HPN;R  ;1K111O   ;*;*;*;*;R;*;*;|134984
1610612|1|HPN;R  ;1K111Q   ;*;*;*;*;R;*;*;|134984
1610617|1|HPN;R  ;1K115Q   ;*;*;*;*;R;*;*;|134984
1610618|1|HPN;R  ;1K115O   ;*;*;*;*;R;*;*;|134984
1610619|1|HPN;R  ;1K111O   ;*;*;*;*;R;*;*;|134984
1610620|1|HPN;R  ;1K111Q   ;*;*;*;*;R;*;*;|134984
1610625|1|HPN;R  ;1K115Q   ;*;*;*;*;R;*;*;|134984
1610626|1|HPN;R  ;1K115O   ;*;*;*;*;R;*;*;|134984
1610627|1|HPN;R  ;1K111O   ;*;*;*;*;R;*;*;|134984
1610628|1|HPN;R  ;1K111Q   ;*;*;*;*;R;*;*;|134984
1610629|1|HPN;R  ;1K112O   ;*;*;*;*;R;*;*;|134984
1610630|1|HPN;R  ;1K116Q   ;*;*;*;*;R;*;*;|134984
1610631|1|HPN;R  ;1K113O   ;*;*;*;*;R;*;*;|134984
1610632|1|HPN;R  ;1K113Q   ;*;*;*;*;R;*;*;|134984
1610633|1|HPN;R  ;1K114O   ;*;*;*;*;R;*;*;|134984
1610634|1|HPN;R  ;1K114Q   ;*;*;*;*;R;*;*;|134984
1610635|1|HPN;R  ;1K116O   ;*;*;*;*;R;*;*;|134984
1610636|1|HPN;R  ;1K112Q   ;*;*;*;*;R;*;*;|134984
1610637|1|HPN;R  ;1K115Q   ;*;*;*;*;R;*;*;|134984
1610638|1|HPN;R  ;1K115O   ;*;*;*;*;R;*;*;|134984
1610639|1|HPN;R  ;1K111O   ;*;*;*;*;R;*;*;|134984
1610640|1|HPN;R  ;1K111Q   ;*;*;*;*;R;*;*;|134984
1610641|1|HPN;R  ;1K112O   ;*;*;*;*;R;*;*;|134984
1610642|1|HPN;R  ;1K112Q   ;*;*;*;*;R;*;*;|134984
1610643|1|HPN;R  ;1K113O   ;*;*;*;*;R;*;*;|134984
1610644|1|HPN;R  ;1K113Q   ;*;*;*;*;R;*;*;|134984
1610645|1|HPN;R  ;1K114O   ;*;*;*;*;R;*;*;|134984
1610646|1|HPN;R  ;1K114Q   ;*;*;*;*;R;*;*;|134984
1610647|1|HPN;R  ;1K116O   ;*;*;*;*;R;*;*;|134984
1610648|1|HPN;R  ;1K116Q   ;*;*;*;*;R;*;*;|134984
1610649|1|HPN;R  ;1K115Q   ;*;*;*;*;R;*;*;|134984
1610650|1|HPN;R  ;1K115O   ;*;*;*;*;R;*;*;|134984
1610651|1|HPN;R  ;1K111O   ;*;*;*;*;R;*;*;|134984
1610652|1|HPN;R  ;1K111Q   ;*;*;*;*;R;*;*;|134984
1610653|1|HPN;R  ;1K112O   ;*;*;*;*;R;*;*;|134984
1610654|1|HPN;R  ;1K112Q   ;*;*;*;*;R;*;*;|134984
1610655|1|HPN;R  ;1K113O   ;*;*;*;*;R;*;*;|134984
1610656|1|HPN;R  ;1K113Q   ;*;*;*;*;R;*;*;|134984
1610657|1|HPN;R  ;1K114O   ;*;*;*;*;R;*;*;|134984
1610658|1|HPN;R  ;1K114Q   ;*;*;*;*;R;*;*;|134984
1610659|1|HPN;R  ;1K116O   ;*;*;*;*;R;*;*;|134984
1610660|1|HPN;R  ;1K116Q   ;*;*;*;*;R;*;*;|134984
1610673|1|HPN;R  ;1K115Q   ;*;*;*;*;R;*;*;|134984
1610674|1|HPN;R  ;1K115O   ;*;*;*;*;R;*;*;|134984
1610675|1|HPN;R  ;1K111O   ;*;*;*;*;R;*;*;|134984
1610676|1|HPN;R  ;1K111Q   ;*;*;*;*;R;*;*;|134984
1610677|1|HPN;R  ;1K112O   ;*;*;*;*;R;*;*;|134984
1610678|1|HPN;R  ;1K112Q   ;*;*;*;*;R;*;*;|134984
1610679|1|HPN;R  ;1K113O   ;*;*;*;*;R;*;*;|134984
1610680|1|HPN;R  ;1K113Q   ;*;*;*;*;R;*;*;|134984
1610681|1|HPN;R  ;1K114O   ;*;*;*;*;R;*;*;|134984
1610682|1|HPN;R  ;1K114Q   ;*;*;*;*;R;*;*;|134984
1610683|1|HPN;R  ;1K116O   ;*;*;*;*;R;*;*;|134984
1610684|1|HPN;R  ;1K116Q   ;*;*;*;*;R;*;*;|134984
1610685|1|HPN;R  ;1K115Q   ;*;*;*;*;R;*;*;|134984
1610686|1|HPN;R  ;1K115O   ;*;*;*;*;R;*;*;|134984
1610687|1|HPN;R  ;1K111O   ;*;*;*;*;R;*;*;|134984
1610688|1|HPN;R  ;1K111Q   ;*;*;*;*;R;*;*;|134984
1610689|1|HPN;R  ;1K112O   ;*;*;*;*;R;*;*;|134984
1610690|1|HPN;R  ;1K112Q   ;*;*;*;*;R;*;*;|134984
1610691|1|HPN;R  ;1K113O   ;*;*;*;*;R;*;*;|134984
1610692|1|HPN;R  ;1K113Q   ;*;*;*;*;R;*;*;|134984
1610693|1|HPN;R  ;1K114O   ;*;*;*;*;R;*;*;|134984
1610694|1|HPN;R  ;1K114Q   ;*;*;*;*;R;*;*;|134984
1610695|1|HPN;R  ;1K116O   ;*;*;*;*;R;*;*;|134984
1610696|1|HPN;R  ;1K116Q   ;*;*;*;*;R;*;*;|134984
1610697|1|HPN;R  ;1K115Q   ;*;*;*;*;R;*;*;|134984
1610698|1|HPN;R  ;1K115O   ;*;*;*;*;R;*;*;|134984
1610699|1|HPN;R  ;1K111O   ;*;*;*;*;R;*;*;|134984
1610700|1|HPN;R  ;1K111Q   ;*;*;*;*;R;*;*;|134984
1610701|1|HPN;R  ;1K112O   ;*;*;*;*;R;*;*;|134984
1610702|1|HPN;R  ;1K112Q   ;*;*;*;*;R;*;*;|134984
1610703|1|HPN;R  ;1K113O   ;*;*;*;*;R;*;*;|134984
1610704|1|HPN;R  ;1K113Q   ;*;*;*;*;R;*;*;|134984
1610705|1|HPN;R  ;1K114O   ;*;*;*;*;R;*;*;|134984
1610706|1|HPN;R  ;1K114Q   ;*;*;*;*;R;*;*;|134984
1610707|1|HPN;R  ;1K116O   ;*;*;*;*;R;*;*;|134984
1610708|1|HPN;R  ;1K116Q   ;*;*;*;*;R;*;*;|134984
1610709|1|HPN;R  ;1K115Q   ;*;*;*;*;R;*;*;|134984
1610710|1|HPN;R  ;1K115O   ;*;*;*;*;R;*;*;|134984
1610711|1|HPN;R  ;1K111O   ;*;*;*;*;R;*;*;|134984
1610712|1|HPN;R  ;1K111Q   ;*;*;*;*;R;*;*;|134984
1610713|1|HPN;R  ;1K112O   ;*;*;*;*;R;*;*;|134984
1610714|1|HPN;R  ;1K116Q   ;*;*;*;*;R;*;*;|134984
1610715|1|HPN;R  ;1K113O   ;*;*;*;*;R;*;*;|134984
1610716|1|HPN;R  ;1K113Q   ;*;*;*;*;R;*;*;|134984
1610717|1|HPN;R  ;1K114O   ;*;*;*;*;R;*;*;|134984
1610718|1|HPN;R  ;1K114Q   ;*;*;*;*;R;*;*;|134984
1610719|1|HPN;R  ;1K116O   ;*;*;*;*;R;*;*;|134984
1610720|1|HPN;R  ;1K112Q   ;*;*;*;*;R;*;*;|134984
1610721|1|HPN;R  ;1K115Q   ;*;*;*;*;R;*;*;|134984
1610722|1|HPN;R  ;1K115O   ;*;*;*;*;R;*;*;|134984
1610723|1|HPN;R  ;1K111O   ;*;*;*;*;R;*;*;|134984
1610724|1|HPN;R  ;1K111Q   ;*;*;*;*;R;*;*;|134984
1610725|1|HPN;R  ;1K112O   ;*;*;*;*;R;*;*;|134984
1610726|1|HPN;R  ;1K116Q   ;*;*;*;*;R;*;*;|134984
1610727|1|HPN;R  ;1K113O   ;*;*;*;*;R;*;*;|134984
1610728|1|HPN;R  ;1K113Q   ;*;*;*;*;R;*;*;|134984
1610729|1|HPN;R  ;1K114O   ;*;*;*;*;R;*;*;|134984
1610730|1|HPN;R  ;1K114Q   ;*;*;*;*;R;*;*;|134984
1610731|1|HPN;R  ;1K116O   ;*;*;*;*;R;*;*;|134984
1610732|1|HPN;R  ;1K112Q   ;*;*;*;*;R;*;*;|134984
1610769|1|HPN;R  ;1K115Q   ;*;*;*;*;R;*;*;|134984
1610770|1|HPN;R  ;1K115O   ;*;*;*;*;R;*;*;|134984
1610771|1|HPN;R  ;1K111O   ;*;*;*;*;R;*;*;|134984
1610772|1|HPN;R  ;1K111Q   ;*;*;*;*;R;*;*;|134984
1610773|1|HPN;R  ;1K112O   ;*;*;*;*;R;*;*;|134984
1610774|1|HPN;R  ;1K112Q   ;*;*;*;*;R;*;*;|134984
1610775|1|HPN;R  ;1K113O   ;*;*;*;*;R;*;*;|134984
1610776|1|HPN;R  ;1K113Q   ;*;*;*;*;R;*;*;|134984
1610777|1|HPN;R  ;1K114O   ;*;*;*;*;R;*;*;|134984
1610778|1|HPN;R  ;1K114Q   ;*;*;*;*;R;*;*;|134984
1610779|1|HPN;R  ;1K116O   ;*;*;*;*;R;*;*;|134984
1610780|1|HPN;R  ;1K116Q   ;*;*;*;*;R;*;*;|134984
1610757|1|HPN;R  ;1K115Q   ;*;*;*;*;R;*;*;|134984
1610758|1|HPN;R  ;1K115O   ;*;*;*;*;R;*;*;|134984
1610759|1|HPN;R  ;1K111O   ;*;*;*;*;R;*;*;|134984
1610760|1|HPN;R  ;1K111Q   ;*;*;*;*;R;*;*;|134984
1610761|1|HPN;R  ;1K112O   ;*;*;*;*;R;*;*;|134984
1610762|1|HPN;R  ;1K112Q   ;*;*;*;*;R;*;*;|134984
1610763|1|HPN;R  ;1K113O   ;*;*;*;*;R;*;*;|134984
1610764|1|HPN;R  ;1K113Q   ;*;*;*;*;R;*;*;|134984
1610765|1|HPN;R  ;1K114O   ;*;*;*;*;R;*;*;|134984
1610766|1|HPN;R  ;1K114Q   ;*;*;*;*;R;*;*;|134984
1610767|1|HPN;R  ;1K116O   ;*;*;*;*;R;*;*;|134984
1610768|1|HPN;R  ;1K116Q   ;*;*;*;*;R;*;*;|134984
1610781|1|HPN;R  ;1K115Q   ;*;*;*;*;R;*;*;|134984
1610782|1|HPN;R  ;1K115O   ;*;*;*;*;R;*;*;|134984
1610783|1|HPN;R  ;1K111O   ;*;*;*;*;R;*;*;|134984
1610784|1|HPN;R  ;1K111Q   ;*;*;*;*;R;*;*;|134984
1610785|1|HPN;R  ;1K112O   ;*;*;*;*;R;*;*;|134984
1610786|1|HPN;R  ;1K112Q   ;*;*;*;*;R;*;*;|134984
1610787|1|HPN;R  ;1K113O   ;*;*;*;*;R;*;*;|134984
1610788|1|HPN;R  ;1K113Q   ;*;*;*;*;R;*;*;|134984
1610789|1|HPN;R  ;1K114O   ;*;*;*;*;R;*;*;|134984
1610790|1|HPN;R  ;1K114Q   ;*;*;*;*;R;*;*;|134984
1610791|1|HPN;R  ;1K116O   ;*;*;*;*;R;*;*;|134984
1610792|1|HPN;R  ;1K116Q   ;*;*;*;*;R;*;*;|134984
1610793|1|HPN;R  ;1K115Q   ;*;*;*;*;R;*;*;|134984
1610794|1|HPN;R  ;1K115O   ;*;*;*;*;R;*;*;|134984
1610795|1|HPN;R  ;1K111O   ;*;*;*;*;R;*;*;|134984
1610796|1|HPN;R  ;1K111Q   ;*;*;*;*;R;*;*;|134984
1610797|1|HPN;R  ;1K112O   ;*;*;*;*;R;*;*;|134984
1610798|1|HPN;R  ;1K112Q   ;*;*;*;*;R;*;*;|134984
1610799|1|HPN;R  ;1K113O   ;*;*;*;*;R;*;*;|134984
1610800|1|HPN;R  ;1K113Q   ;*;*;*;*;R;*;*;|134984
1610801|1|HPN;R  ;1K114O   ;*;*;*;*;R;*;*;|134984
1610802|1|HPN;R  ;1K114Q   ;*;*;*;*;R;*;*;|134984
1610803|1|HPN;R  ;1K116O   ;*;*;*;*;R;*;*;|134984
1610804|1|HPN;R  ;1K116Q   ;*;*;*;*;R;*;*;|134984
1610805|1|HPN;R  ;1K115Q   ;*;*;*;*;R;*;*;|134984
1610806|1|HPN;R  ;1K115O   ;*;*;*;*;R;*;*;|134984
1610807|1|HPN;R  ;1K111O   ;*;*;*;*;R;*;*;|134984
1610808|1|HPN;R  ;1K111Q   ;*;*;*;*;R;*;*;|134984
1610809|1|HPN;R  ;1K112O   ;*;*;*;*;R;*;*;|134984
1610810|1|HPN;R  ;1K116Q   ;*;*;*;*;R;*;*;|134984
1610811|1|HPN;R  ;1K113O   ;*;*;*;*;R;*;*;|134984
1610812|1|HPN;R  ;1K113Q   ;*;*;*;*;R;*;*;|134984
1610813|1|HPN;R  ;1K114O   ;*;*;*;*;R;*;*;|134984
1610814|1|HPN;R  ;1K114Q   ;*;*;*;*;R;*;*;|134984
1610815|1|HPN;R  ;1K116O   ;*;*;*;*;R;*;*;|134984
1610816|1|HPN;R  ;1K112Q   ;*;*;*;*;R;*;*;|134984
1610817|1|HPN;R  ;1K115Q   ;*;*;*;*;R;*;*;|134984
1610818|1|HPN;R  ;1K115O   ;*;*;*;*;R;*;*;|134984
1610819|1|HPN;R  ;1K111O   ;*;*;*;*;R;*;*;|134984
1610820|1|HPN;R  ;1K111Q   ;*;*;*;*;R;*;*;|134984
1610821|1|HPN;R  ;1K112O   ;*;*;*;*;R;*;*;|134984
1610822|1|HPN;R  ;1K116Q   ;*;*;*;*;R;*;*;|134984
1610823|1|HPN;R  ;1K113O   ;*;*;*;*;R;*;*;|134984
1610824|1|HPN;R  ;1K113Q   ;*;*;*;*;R;*;*;|134984
1610825|1|HPN;R  ;1K114O   ;*;*;*;*;R;*;*;|134984
1610826|1|HPN;R  ;1K114Q   ;*;*;*;*;R;*;*;|134984
1610827|1|HPN;R  ;1K116O   ;*;*;*;*;R;*;*;|134984
1610828|1|HPN;R  ;1K112Q   ;*;*;*;*;R;*;*;|134984
1610841|1|HPN;R  ;1K115Q   ;*;*;*;*;R;*;*;|134984
1610842|1|HPN;R  ;1K115O   ;*;*;*;*;R;*;*;|134984
1610843|1|HPN;R  ;1K111O   ;*;*;*;*;R;*;*;|134984
1610844|1|HPN;R  ;1K111Q   ;*;*;*;*;R;*;*;|134984
1610845|1|HPN;R  ;1K112O   ;*;*;*;*;R;*;*;|134984
1610846|1|HPN;R  ;1K116Q   ;*;*;*;*;R;*;*;|134984
1610847|1|HPN;R  ;1K113O   ;*;*;*;*;R;*;*;|134984
1610848|1|HPN;R  ;1K113Q   ;*;*;*;*;R;*;*;|134984
1610849|1|HPN;R  ;1K114O   ;*;*;*;*;R;*;*;|134984
1610850|1|HPN;R  ;1K114Q   ;*;*;*;*;R;*;*;|134984
1610851|1|HPN;R  ;1K116O   ;*;*;*;*;R;*;*;|134984
1610852|1|HPN;R  ;1K112Q   ;*;*;*;*;R;*;*;|134984
1610853|1|HPN;R  ;1K115Q   ;*;*;*;*;R;*;*;|134984
1610854|1|HPN;R  ;1K115O   ;*;*;*;*;R;*;*;|134984
1610855|1|HPN;R  ;1K111O   ;*;*;*;*;R;*;*;|134984
1610856|1|HPN;R  ;1K111Q   ;*;*;*;*;R;*;*;|134984
1610857|1|HPN;R  ;1K112O   ;*;*;*;*;R;*;*;|134984
1610858|1|HPN;R  ;1K112Q   ;*;*;*;*;R;*;*;|134984
1610859|1|HPN;R  ;1K113O   ;*;*;*;*;R;*;*;|134984
1610860|1|HPN;R  ;1K113Q   ;*;*;*;*;R;*;*;|134984
1610861|1|HPN;R  ;1K114O   ;*;*;*;*;R;*;*;|134984
1610862|1|HPN;R  ;1K114Q   ;*;*;*;*;R;*;*;|134984
1610863|1|HPN;R  ;1K116O   ;*;*;*;*;R;*;*;|134984
1610864|1|HPN;R  ;1K116Q   ;*;*;*;*;R;*;*;|134984
1610865|1|HPN;R  ;1K115Q   ;*;*;*;*;R;*;*;|134984
1610866|1|HPN;R  ;1K115O   ;*;*;*;*;R;*;*;|134984
1610867|1|HPN;R  ;1K111O   ;*;*;*;*;R;*;*;|134984
1610868|1|HPN;R  ;1K111Q   ;*;*;*;*;R;*;*;|134984
1610869|1|HPN;R  ;1K112O   ;*;*;*;*;R;*;*;|134984
1610870|1|HPN;R  ;1K112Q   ;*;*;*;*;R;*;*;|134984
1610871|1|HPN;R  ;1K113O   ;*;*;*;*;R;*;*;|134984
1610872|1|HPN;R  ;1K113Q   ;*;*;*;*;R;*;*;|134984
1610873|1|HPN;R  ;1K114O   ;*;*;*;*;R;*;*;|134984
1610874|1|HPN;R  ;1K114Q   ;*;*;*;*;R;*;*;|134984
1610875|1|HPN;R  ;1K116O   ;*;*;*;*;R;*;*;|134984
1610876|1|HPN;R  ;1K116Q   ;*;*;*;*;R;*;*;|134984
1610877|1|HPN;R  ;1K111O   ;*;*;*;*;R;*;*;|134984
1610878|1|HPN;R  ;1K111Q   ;*;*;*;*;R;*;*;|134984
1610887|1|HPN;R  ;1K111O   ;*;*;*;*;R;*;*;|134984
1610888|1|HPN;R  ;1K111Q   ;*;*;*;*;R;*;*;|134984
1610889|1|HPN;R  ;1K111O   ;*;*;*;*;R;*;*;|134984
1610890|1|HPN;R  ;1K111Q   ;*;*;*;*;R;*;*;|134984
1610891|1|HPN;R  ;1K111O   ;*;*;*;*;R;*;*;|134984
1610892|1|HPN;R  ;1K111Q   ;*;*;*;*;R;*;*;|134984
1610893|1|HPN;R  ;1K111O   ;*;*;*;*;R;*;*;|134984
1610894|1|HPN;R  ;1K111Q   ;*;*;*;*;R;*;*;|134984
1610903|1|HPN;R  ;1K111O   ;*;*;*;*;R;*;*;|134984
1610904|1|HPN;R  ;1K111Q   ;*;*;*;*;R;*;*;|134984
1610913|1|HPN;R  ;1K115Q   ;*;*;*;*;R;*;*;|134984
1610914|1|HPN;R  ;1K115O   ;*;*;*;*;R;*;*;|134984
1610917|1|HPN;R  ;1K115Q   ;*;*;*;*;R;*;*;|134984
1610918|1|HPN;R  ;1K115O   ;*;*;*;*;R;*;*;|134984
1610919|1|HPN;R  ;1K115O   ;*;*;*;*;R;*;*;|134984
1610920|1|HPN;R  ;1K115Q   ;*;*;*;*;R;*;*;|134984
1610921|1|HPN;R  ;1K115Q   ;*;*;*;*;R;*;*;|134984
1610922|1|HPN;R  ;1K115O   ;*;*;*;*;R;*;*;|134984
1610923|1|HPN;R  ;1K115Q   ;*;*;*;*;R;*;*;|134984
1610924|1|HPN;R  ;1K115O   ;*;*;*;*;R;*;*;|134984
1610927|1|HPN;R  ;1K115Q   ;*;*;*;*;R;*;*;|134984
1610928|1|HPN;R  ;1K115O   ;*;*;*;*;R;*;*;|134984
1610929|1|HPN;R  ;1K115Q   ;*;*;*;*;R;*;*;|134984
1610930|1|HPN;R  ;1K115O   ;*;*;*;*;R;*;*;|134984
1610931|1|HPN;R  ;1K115O   ;*;*;*;*;R;*;*;|134984
1610932|1|HPN;R  ;1K115Q   ;*;*;*;*;R;*;*;|134984
1610933|1|HPN;R  ;1K115O   ;*;*;*;*;R;*;*;|134984
1610934|1|HPN;R  ;1K115Q   ;*;*;*;*;R;*;*;|134984
1610935|1|HPN;R  ;1K115O   ;*;*;*;*;R;*;*;|134984
1610936|1|HPN;R  ;1K115Q   ;*;*;*;*;R;*;*;|134984
1610937|1|HPN;R  ;1K115O   ;*;*;*;*;R;*;*;|134984
1610938|1|HPN;R  ;1K115Q   ;*;*;*;*;R;*;*;|134984
1610941|1|HPN;R  ;1K115O   ;*;*;*;*;R;*;*;|134984
1610942|1|HPN;R  ;1K115Q   ;*;*;*;*;R;*;*;|134984
1610961|1|HPN;R  ;1K115Q   ;*;*;*;*;R;*;*;|134984
1610962|1|HPN;R  ;1K115O   ;*;*;*;*;R;*;*;|134984
1610963|1|HPN;R  ;1K111O   ;*;*;*;*;R;*;*;|134984
1610964|1|HPN;R  ;1K111Q   ;*;*;*;*;R;*;*;|134984
1610965|1|HPN;R  ;1K112O   ;*;*;*;*;R;*;*;|134984
1610966|1|HPN;R  ;1K112Q   ;*;*;*;*;R;*;*;|134984
1610967|1|HPN;R  ;1K113O   ;*;*;*;*;R;*;*;|134984
1610968|1|HPN;R  ;1K113Q   ;*;*;*;*;R;*;*;|134984
1610969|1|HPN;R  ;1K114O   ;*;*;*;*;R;*;*;|134984
1610970|1|HPN;R  ;1K114Q   ;*;*;*;*;R;*;*;|134984
1610971|1|HPN;R  ;1K116O   ;*;*;*;*;R;*;*;|134984
1610972|1|HPN;R  ;1K116Q   ;*;*;*;*;R;*;*;|134984
1610985|1|HPN;R  ;PUNUN    ;*;*;*;*;R;*;*;|134984
1610986|1|HPN;R  ;PUNUN    ;*;*;*;*;R;*;*;|134984
1610987|1|HPN;R  ;PUNUN    ;*;*;*;*;R;*;*;|134984
1610988|1|HPN;R  ;PUNUN    ;*;*;*;*;R;*;*;|134984
1610989|1|HPN;R  ;PUNUN    ;*;*;*;*;R;*;*;|134984
1610992|1|HPN;R  ;1K114Q   ;*;*;*;*;R;*;*;|134984
1610993|1|HPN;R  ;1K114O   ;*;*;*;*;R;*;*;|134984
1610994|1|HPN;R  ;NAULP    ;*;*;*;*;R;*;*;|134984
1610995|1|HPN;R  ;NAULP    ;*;*;*;*;R;*;*;|134984
1610996|1|HPN;R  ;NAULP    ;*;*;*;*;R;*;*;|134984
1610997|1|HPN;R  ;WLDUN    ;*;*;*;*;R;*;*;|134984
1610998|1|HPN;R  ;PUNUN    ;*;*;*;*;R;*;*;|134984
1610999|1|HPN;R  ;WLDUN    ;*;*;*;*;R;*;*;|134984
1611004|1|HPN;R  ;1K115Q   ;*;*;*;*;R;*;*;|134984
1611005|1|HPN;R  ;1K115O   ;*;*;*;*;R;*;*;|134984
1611006|1|HPN;R  ;1K111O   ;*;*;*;*;R;*;*;|134984
1611007|1|HPN;R  ;1K111Q   ;*;*;*;*;R;*;*;|134984
1611037|1|HPN;R  ;1K115Q   ;*;*;*;*;R;*;*;|134984
1611038|1|HPN;R  ;1K111Q   ;*;*;*;*;R;*;*;|134984
1611039|1|HPN;R  ;1K111O   ;*;*;*;*;R;*;*;|134984
1611040|1|HPN;R  ;1K115O   ;*;*;*;*;R;*;*;|134984
1611069|1|HPN;R  ;1K115O   ;*;*;*;*;R;*;*;|134984
1611070|1|HPN;R  ;1K115Q   ;*;*;*;*;R;*;*;|134984
1611071|1|HPN;R  ;1K111O   ;*;*;*;*;R;*;*;|134984
1611072|1|HPN;R  ;1LRG2    ;*;*;*;*;R;*;*;|134984
1611073|1|HPN;R  ;1K112O   ;*;*;*;*;R;*;*;|134984
1611074|1|HPN;R  ;1K112Q   ;*;*;*;*;R;*;*;|134984
1611075|1|HPN;R  ;1K113O   ;*;*;*;*;R;*;*;|134984
1611076|1|HPN;R  ;1K113Q   ;*;*;*;*;R;*;*;|134984
1611077|1|HPN;R  ;1K114O   ;*;*;*;*;R;*;*;|134984
1611078|1|HPN;R  ;1K114Q   ;*;*;*;*;R;*;*;|134984
1611079|1|HPN;R  ;1K115O   ;*;*;*;*;R;*;*;|134984
1611080|1|HPN;R  ;1K115Q   ;*;*;*;*;R;*;*;|134984
1611081|1|HPN;R  ;1K116O   ;*;*;*;*;R;*;*;|134984
1611082|1|HPN;R  ;1K116Q   ;*;*;*;*;R;*;*;|134984
1611083|1|HPN;R  ;1LRA2    ;*;*;*;*;R;*;*;|134984
1611084|1|HPN;R  ;1LRB1    ;*;*;*;*;R;*;*;|134984
1611085|1|HPN;R  ;1LRB3    ;*;*;*;*;R;*;*;|134984
1611086|1|HPN;R  ;1LRC1    ;*;*;*;*;R;*;*;|134984
1611087|1|HPN;R  ;1LRC2A   ;*;*;*;*;R;*;*;|134984
1611088|1|HPN;R  ;1LRC2B   ;*;*;*;*;R;*;*;|134984
1611089|1|HPN;R  ;1LRD1    ;*;*;*;*;R;*;*;|134984
1611090|1|HPN;R  ;1LRD2A   ;*;*;*;*;R;*;*;|134984
1611091|1|HPN;R  ;1LRD2B   ;*;*;*;*;R;*;*;|134984
1611092|1|HPN;R  ;1LRD2C   ;*;*;*;*;R;*;*;|134984
1611093|1|HPN;R  ;1LRE1    ;*;*;*;*;R;*;*;|134984
1611094|1|HPN;R  ;1LRE2    ;*;*;*;*;R;*;*;|134984
1611095|1|HPN;R  ;1LRE3    ;*;*;*;*;R;*;*;|134984
1611096|1|HPN;R  ;1LRE4    ;*;*;*;*;R;*;*;|134984
1611097|1|HPN;R  ;1LRF1    ;*;*;*;*;R;*;*;|134984
1611098|1|HPN;R  ;1LRF2    ;*;*;*;*;R;*;*;|134984
1611099|1|HPN;R  ;1LRF3    ;*;*;*;*;R;*;*;|134984
1611100|1|HPN;R  ;1LRF4    ;*;*;*;*;R;*;*;|134984
1611101|1|HPN;R  ;1LRF5    ;*;*;*;*;R;*;*;|134984
1611102|1|HPN;R  ;1LRF6    ;*;*;*;*;R;*;*;|134984
1611103|1|HPN;R  ;1LRF7    ;*;*;*;*;R;*;*;|134984
1611104|1|HPN;R  ;1LRFBA1  ;*;*;*;*;R;*;*;|134984
1611105|1|HPN;R  ;1LRFCA1  ;*;*;*;*;R;*;*;|134984
1611106|1|HPN;R  ;1LRFCB1  ;*;*;*;*;R;*;*;|134984
1611107|1|HPN;R  ;1LRFCB2  ;*;*;*;*;R;*;*;|134984
1611108|1|HPN;R  ;1LRFCC1  ;*;*;*;*;R;*;*;|134984
1611109|1|HPN;R  ;1LRFCC2A ;*;*;*;*;R;*;*;|134984
1611110|1|HPN;R  ;1LRFCC2B ;*;*;*;*;R;*;*;|134984
1611111|1|HPN;R  ;1LRFCD1  ;*;*;*;*;R;*;*;|134984
1611112|1|HPN;R  ;1LRFCD2A ;*;*;*;*;R;*;*;|134984
1611113|1|HPN;R  ;1LRFCD2B ;*;*;*;*;R;*;*;|134984
1611114|1|HPN;R  ;1LRFCD2C ;*;*;*;*;R;*;*;|134984
1611115|1|HPN;R  ;1LRG1    ;*;*;*;*;R;*;*;|134984
1611116|1|HPN;R  ;1K111Q   ;*;*;*;*;R;*;*;|134984
1611117|1|HPN;R  ;1LRFBB1  ;*;*;*;*;R;*;*;|134984
1611118|1|HPN;R  ;1LRFBB2  ;*;*;*;*;R;*;*;|134984
1611119|1|HPN;R  ;1LRFBB3  ;*;*;*;*;R;*;*;|134984
1611120|1|HPN;R  ;1LRFBC1  ;*;*;*;*;R;*;*;|134984
1611121|1|HPN;R  ;1LRFBC2A ;*;*;*;*;R;*;*;|134984
1611122|1|HPN;R  ;1LRFBC2B ;*;*;*;*;R;*;*;|134984
1611123|1|HPN;R  ;1LRFBD2A ;*;*;*;*;R;*;*;|134984
1611124|1|HPN;R  ;1LRFBD2B ;*;*;*;*;R;*;*;|134984
1611125|1|HPN;R  ;1LRFBD2C ;*;*;*;*;R;*;*;|134984
1611126|1|HPN;R  ;1LRHCE1  ;*;*;*;*;R;*;*;|134984
1611127|1|HPN;R  ;1LRHCE2  ;*;*;*;*;R;*;*;|134984
1611128|1|HPN;R  ;1LRHCE3  ;*;*;*;*;R;*;*;|134984
1611129|1|HPN;R  ;1LRHCE4  ;*;*;*;*;R;*;*;|134984
1611130|1|HPN;R  ;1LRHCF1  ;*;*;*;*;R;*;*;|134984
1611131|1|HPN;R  ;1LRHCF3  ;*;*;*;*;R;*;*;|134984
1611132|1|HPN;R  ;1LRHCF5  ;*;*;*;*;R;*;*;|134984
1611133|1|HPN;R  ;1LRHCF6  ;*;*;*;*;R;*;*;|134984
1611134|1|HPN;R  ;1LRHCF7  ;*;*;*;*;R;*;*;|134984
1611135|1|HPN;R  ;1LRHCG1  ;*;*;*;*;R;*;*;|134984
1611136|1|HPN;R  ;1LRHCG2  ;*;*;*;*;R;*;*;|134984
1611649|1|HPN;R  ;1K115Q   ;*;*;*;*;R;*;*;|134984
1611650|1|HPN;R  ;1K115O   ;*;*;*;*;R;*;*;|134984
1611651|1|HPN;R  ;1K111O   ;*;*;*;*;R;*;*;|134984
1611652|1|HPN;R  ;1K111Q   ;*;*;*;*;R;*;*;|134984
1611653|1|HPN;R  ;1K112O   ;*;*;*;*;R;*;*;|134984
1611654|1|HPN;R  ;1K112Q   ;*;*;*;*;R;*;*;|134984
1611655|1|HPN;R  ;1K113O   ;*;*;*;*;R;*;*;|134984
1611656|1|HPN;R  ;1K113Q   ;*;*;*;*;R;*;*;|134984
1611657|1|HPN;R  ;1K114O   ;*;*;*;*;R;*;*;|134984
1611658|1|HPN;R  ;1K114Q   ;*;*;*;*;R;*;*;|134984
1611659|1|HPN;R  ;1K116O   ;*;*;*;*;R;*;*;|134984
1611660|1|HPN;R  ;1K116Q   ;*;*;*;*;R;*;*;|134984
1611661|1|HPN;R  ;1K111O   ;*;*;*;*;R;*;*;|134984
1611662|1|HPN;R  ;1K111Q   ;*;*;*;*;R;*;*;|134984
1611663|1|HPN;R  ;PUNUN    ;*;*;*;*;R;*;*;|134984
1611664|1|HPN;R  ;PUNUN    ;*;*;*;*;R;*;*;|134984
1613609|1|HPN;R  ;1K115Q   ;*;*;*;*;R;*;*;|134984
1613610|1|HPN;R  ;1K115O   ;*;*;*;*;R;*;*;|134984
1613611|1|HPN;R  ;1K111O   ;*;*;*;*;R;*;*;|134984
1613612|1|HPN;R  ;1K111Q   ;*;*;*;*;R;*;*;|134984
1615369|1|HPN;R  ;1K115Q   ;*;*;*;*;R;*;*;|134984
1615370|1|HPN;R  ;1K111Q   ;*;*;*;*;R;*;*;|134984
1615371|1|HPN;R  ;1K111O   ;*;*;*;*;R;*;*;|134984
1615372|1|HPN;R  ;1K115O   ;*;*;*;*;R;*;*;|134984
1615313|1|HPN;R  ;1K115Q   ;*;*;*;*;R;*;*;|134984
1615314|1|HPN;R  ;1K115O   ;*;*;*;*;R;*;*;|134984
1615315|1|HPN;R  ;1K111O   ;*;*;*;*;R;*;*;|134984
1615316|1|HPN;R  ;1K111Q   ;*;*;*;*;R;*;*;|134984
1615389|1|HPN;R  ;1K114Q   ;*;*;*;*;R;*;*;|134984
1615390|1|HPN;R  ;1K114O   ;*;*;*;*;R;*;*;|134984
1615391|1|HPN;R  ;1K111O   ;*;*;*;*;R;*;*;|134984
1615392|1|HPN;R  ;1K111Q   ;*;*;*;*;R;*;*;|134984
1615393|1|HPN;R  ;1K112O   ;*;*;*;*;R;*;*;|134984
1615394|1|HPN;R  ;1K112Q   ;*;*;*;*;R;*;*;|134984
1615395|1|HPN;R  ;1K113O   ;*;*;*;*;R;*;*;|134984
1615396|1|HPN;R  ;1K113Q   ;*;*;*;*;R;*;*;|134984
1615397|1|HPN;R  ;1K115O   ;*;*;*;*;R;*;*;|134984
1615398|1|HPN;R  ;1K115Q   ;*;*;*;*;R;*;*;|134984
1615399|1|HPN;R  ;1K116O   ;*;*;*;*;R;*;*;|134984
1615400|1|HPN;R  ;1K116Q   ;*;*;*;*;R;*;*;|134984
1615573|1|HPN;R  ;1K115Q   ;*;*;*;*;R;*;*;|134984
1615574|1|HPN;R  ;1K115O   ;*;*;*;*;R;*;*;|134984
1615575|1|HPN;R  ;1K111O   ;*;*;*;*;R;*;*;|134984
1615576|1|HPN;R  ;1K111Q   ;*;*;*;*;R;*;*;|134984
1615577|1|HPN;R  ;1K112O   ;*;*;*;*;R;*;*;|134984
1615578|1|HPN;R  ;1K116Q   ;*;*;*;*;R;*;*;|134984
1615579|1|HPN;R  ;1K113O   ;*;*;*;*;R;*;*;|134984
1615580|1|HPN;R  ;1K113Q   ;*;*;*;*;R;*;*;|134984
1615581|1|HPN;R  ;1K114O   ;*;*;*;*;R;*;*;|134984
1615582|1|HPN;R  ;1K114Q   ;*;*;*;*;R;*;*;|134984
1615583|1|HPN;R  ;1K116O   ;*;*;*;*;R;*;*;|134984
1615584|1|HPN;R  ;1K112Q   ;*;*;*;*;R;*;*;|134984
1615585|1|HPN;R  ;QR911    ;*;*;*;*;R;*;*;|134984
1615586|1|HPN;R  ;RL911    ;*;*;*;*;R;*;*;|134984
1615603|1|HPN;R  ;1K115O   ;*;*;*;*;R;*;*;|134984
1615604|1|HPN;R  ;1K111O   ;*;*;*;*;R;*;*;|134984
1615605|1|HPN;R  ;1K116O   ;*;*;*;*;R;*;*;|134984
1615606|1|HPN;R  ;1K113O   ;*;*;*;*;R;*;*;|134984
1615607|1|HPN;R  ;1K114O   ;*;*;*;*;R;*;*;|134984
1615608|1|HPN;R  ;1K112O   ;*;*;*;*;R;*;*;|134984
1615609|1|HPN;R  ;1K115O   ;*;*;*;*;R;*;*;|134984
1615610|1|HPN;R  ;1K111O   ;*;*;*;*;R;*;*;|134984
1693633|1|HPN;R  ;1LRFCC2B ;*;*;*;*;R;*;*;|134984
1693634|1|HPN;R  ;1LRFCD1  ;*;*;*;*;R;*;*;|134984
1693635|1|HPN;R  ;1LRFCD2A ;*;*;*;*;R;*;*;|134984
1693636|1|HPN;R  ;1LRFCD2B ;*;*;*;*;R;*;*;|134984
1693637|1|HPN;R  ;1LRFCD2C ;*;*;*;*;R;*;*;|134984
1693638|1|HPN;R  ;1LRG1    ;*;*;*;*;R;*;*;|134984
1693639|1|HPN;R  ;1LRG2    ;*;*;*;*;R;*;*;|134984
1693640|1|HPN;R  ;1LRHCE1  ;*;*;*;*;R;*;*;|134984
1693641|1|HPN;R  ;1LRHCE2  ;*;*;*;*;R;*;*;|134984
1693642|1|HPN;R  ;1LRHCE3  ;*;*;*;*;R;*;*;|134984
1693643|1|HPN;R  ;1LRHCE4  ;*;*;*;*;R;*;*;|134984
1693644|1|HPN;R  ;1LRHCF1  ;*;*;*;*;R;*;*;|134984
1693645|1|HPN;R  ;1LRHCF2  ;*;*;*;*;R;*;*;|134984
1693646|1|HPN;R  ;1LRHCF3  ;*;*;*;*;R;*;*;|134984
1693647|1|HPN;R  ;1LRHCF4  ;*;*;*;*;R;*;*;|134984
1693648|1|HPN;R  ;1LRHCF5  ;*;*;*;*;R;*;*;|134984
1693649|1|HPN;R  ;1LRHCF6  ;*;*;*;*;R;*;*;|134984
1693650|1|HPN;R  ;1LRHCF7  ;*;*;*;*;R;*;*;|134984
1693651|1|HPN;R  ;1LRHCG1  ;*;*;*;*;R;*;*;|134984
1693652|1|HPN;R  ;1LRHCG2  ;*;*;*;*;R;*;*;|134984
1693653|1|HPN;R  ;1LRHCG2  ;*;*;*;*;R;*;*;|134984
1693654|1|HPN;R  ;1LRA1    ;*;*;*;*;R;*;*;|134984
1693655|1|HPN;R  ;1LRA2    ;*;*;*;*;R;*;*;|134984
1693656|1|HPN;R  ;1LRB1    ;*;*;*;*;R;*;*;|134984
1693657|1|HPN;R  ;1LRB2    ;*;*;*;*;R;*;*;|134984
1693658|1|HPN;R  ;1LRB3    ;*;*;*;*;R;*;*;|134984
1693659|1|HPN;R  ;1LRC1    ;*;*;*;*;R;*;*;|134984
1693660|1|HPN;R  ;1LRC2A   ;*;*;*;*;R;*;*;|134984
1693661|1|HPN;R  ;1LRC2B   ;*;*;*;*;R;*;*;|134984
1693662|1|HPN;R  ;1LRD1    ;*;*;*;*;R;*;*;|134984
1693663|1|HPN;R  ;1LRD2A   ;*;*;*;*;R;*;*;|134984
1693664|1|HPN;R  ;1LRD2B   ;*;*;*;*;R;*;*;|134984
1693665|1|HPN;R  ;1LRD2C   ;*;*;*;*;R;*;*;|134984
1693666|1|HPN;R  ;1LRE1    ;*;*;*;*;R;*;*;|134984
1693667|1|HPN;R  ;1LRE2    ;*;*;*;*;R;*;*;|134984
1693668|1|HPN;R  ;1LRE3    ;*;*;*;*;R;*;*;|134984
1693669|1|HPN;R  ;1LRE4    ;*;*;*;*;R;*;*;|134984
1693670|1|HPN;R  ;1LRF1    ;*;*;*;*;R;*;*;|134984
1693671|1|HPN;R  ;1LRF2    ;*;*;*;*;R;*;*;|134984
1693672|1|HPN;R  ;1LRF3    ;*;*;*;*;R;*;*;|134984
1693673|1|HPN;R  ;1LRF4    ;*;*;*;*;R;*;*;|134984
1693674|1|HPN;R  ;1LRF5    ;*;*;*;*;R;*;*;|134984
1693675|1|HPN;R  ;1LRF6    ;*;*;*;*;R;*;*;|134984
1693676|1|HPN;R  ;1LRF7    ;*;*;*;*;R;*;*;|134984
1693677|1|HPN;R  ;1LRFBA1  ;*;*;*;*;R;*;*;|134984
1693678|1|HPN;R  ;1LRFBA2  ;*;*;*;*;R;*;*;|134984
1693679|1|HPN;R  ;1LRFBB1  ;*;*;*;*;R;*;*;|134984
1693680|1|HPN;R  ;1LRFBB2  ;*;*;*;*;R;*;*;|134984
1693681|1|HPN;R  ;1LRFBB3  ;*;*;*;*;R;*;*;|134984
1693682|1|HPN;R  ;1LRFBC1  ;*;*;*;*;R;*;*;|134984
1693683|1|HPN;R  ;1LRFBC2A ;*;*;*;*;R;*;*;|134984
1693684|1|HPN;R  ;1LRFBC2B ;*;*;*;*;R;*;*;|134984
1693685|1|HPN;R  ;1LRFBD1  ;*;*;*;*;R;*;*;|134984
1693686|1|HPN;R  ;1LRFBD2A ;*;*;*;*;R;*;*;|134984
1693687|1|HPN;R  ;1LRFBD2B ;*;*;*;*;R;*;*;|134984
1693688|1|HPN;R  ;1LRFBD2C ;*;*;*;*;R;*;*;|134984
1693689|1|HPN;R  ;1LRFCA1  ;*;*;*;*;R;*;*;|134984
1693690|1|HPN;R  ;1LRFCA2  ;*;*;*;*;R;*;*;|134984
1693691|1|HPN;R  ;1LRFCB1  ;*;*;*;*;R;*;*;|134984
1693692|1|HPN;R  ;1LRFCB2  ;*;*;*;*;R;*;*;|134984
1693693|1|HPN;R  ;1LRFCB3  ;*;*;*;*;R;*;*;|134984
1693694|1|HPN;R  ;1LRFCC1  ;*;*;*;*;R;*;*;|134984
1693695|1|HPN;R  ;1LRFCC2A ;*;*;*;*;R;*;*;|134984
1693696|1|HPN;R  ;1LRFCC2B ;*;*;*;*;R;*;*;|134984
1693697|1|HPN;R  ;1LRFCD1  ;*;*;*;*;R;*;*;|134984
1693698|1|HPN;R  ;1LRFCD2A ;*;*;*;*;R;*;*;|134984
1693699|1|HPN;R  ;1LRFCD2B ;*;*;*;*;R;*;*;|134984
1693700|1|HPN;R  ;1LRFCD2C ;*;*;*;*;R;*;*;|134984
1693701|1|HPN;R  ;1LRG1    ;*;*;*;*;R;*;*;|134984
1693702|1|HPN;R  ;1LRG2    ;*;*;*;*;R;*;*;|134984
1693703|1|HPN;R  ;1LRHCE1  ;*;*;*;*;R;*;*;|134984
1693704|1|HPN;R  ;1LRHCE2  ;*;*;*;*;R;*;*;|134984
1693705|1|HPN;R  ;1LRHCE3  ;*;*;*;*;R;*;*;|134984
1693706|1|HPN;R  ;1LRHCE4  ;*;*;*;*;R;*;*;|134984
1693707|1|HPN;R  ;1LRHCF1  ;*;*;*;*;R;*;*;|134984
1693708|1|HPN;R  ;1LRHCF2  ;*;*;*;*;R;*;*;|134984
1693709|1|HPN;R  ;1LRHCF3  ;*;*;*;*;R;*;*;|134984
1693710|1|HPN;R  ;1LRHCF4  ;*;*;*;*;R;*;*;|134984
1693711|1|HPN;R  ;1LRHCF5  ;*;*;*;*;R;*;*;|134984
1693712|1|HPN;R  ;1LRHCF6  ;*;*;*;*;R;*;*;|134984
1693713|1|HPN;R  ;1LRHCF7  ;*;*;*;*;R;*;*;|134984
1693714|1|HPN;R  ;1LRHCG1  ;*;*;*;*;R;*;*;|134984
1747553|1|HPN;R  ;1K116Q   ;*;*;*;*;R;*;*;|134984
1747554|1|HPN;R  ;1K116O   ;*;*;*;*;R;*;*;|134984
1747555|1|HPN;R  ;1K115O   ;*;*;*;*;R;*;*;|134984
1747556|1|HPN;R  ;1K115Q   ;*;*;*;*;R;*;*;|134984
1747549|1|HPN;R  ;1K116Q   ;*;*;*;*;R;*;*;|134984
1747550|1|HPN;R  ;1K116O   ;*;*;*;*;R;*;*;|134984
1747551|1|HPN;R  ;1K115O   ;*;*;*;*;R;*;*;|134984
1747552|1|HPN;R  ;1K115Q   ;*;*;*;*;R;*;*;|134984
1696734|1|HPN;R  ;1LRA1    ;*;*;*;*;R;*;*;|134984
1696735|1|HPN;R  ;1LRG2    ;*;*;*;*;R;*;*;|134984
1696736|1|HPN;R  ;1LRB1    ;*;*;*;*;R;*;*;|134984
1696737|1|HPN;R  ;1LRB2    ;*;*;*;*;R;*;*;|134984
1696738|1|HPN;R  ;1LRB3    ;*;*;*;*;R;*;*;|134984
1696739|1|HPN;R  ;1LRC1    ;*;*;*;*;R;*;*;|134984
1696740|1|HPN;R  ;1LRC2A   ;*;*;*;*;R;*;*;|134984
1696741|1|HPN;R  ;1LRC2B   ;*;*;*;*;R;*;*;|134984
1696742|1|HPN;R  ;1LRD1    ;*;*;*;*;R;*;*;|134984
1696743|1|HPN;R  ;1LRD2A   ;*;*;*;*;R;*;*;|134984
1696744|1|HPN;R  ;1LRD2B   ;*;*;*;*;R;*;*;|134984
1696745|1|HPN;R  ;1LRD2C   ;*;*;*;*;R;*;*;|134984
1696746|1|HPN;R  ;1LRE1    ;*;*;*;*;R;*;*;|134984
1696747|1|HPN;R  ;1LRE2    ;*;*;*;*;R;*;*;|134984
1696748|1|HPN;R  ;1LRE3    ;*;*;*;*;R;*;*;|134984
1696749|1|HPN;R  ;1LRE4    ;*;*;*;*;R;*;*;|134984
1696750|1|HPN;R  ;1LRF1    ;*;*;*;*;R;*;*;|134984
1696751|1|HPN;R  ;1LRF2    ;*;*;*;*;R;*;*;|134984
1696752|1|HPN;R  ;1LRF3    ;*;*;*;*;R;*;*;|134984
1696753|1|HPN;R  ;1LRF4    ;*;*;*;*;R;*;*;|134984
1696754|1|HPN;R  ;1LRF5    ;*;*;*;*;R;*;*;|134984
1696755|1|HPN;R  ;1LRF6    ;*;*;*;*;R;*;*;|134984
1696756|1|HPN;R  ;1LRF7    ;*;*;*;*;R;*;*;|134984
1696757|1|HPN;R  ;1LRG1    ;*;*;*;*;R;*;*;|134984
1696758|1|HPN;R  ;1LRA2    ;*;*;*;*;R;*;*;|134984
1696709|1|HPN;R  ;1LRA1    ;*;*;*;*;R;*;*;|134984
1696710|1|HPN;R  ;1LRA2    ;*;*;*;*;R;*;*;|134984
1696711|1|HPN;R  ;1LRB1    ;*;*;*;*;R;*;*;|134984
1696712|1|HPN;R  ;1LRB2    ;*;*;*;*;R;*;*;|134984
1696713|1|HPN;R  ;1LRB3    ;*;*;*;*;R;*;*;|134984
1696714|1|HPN;R  ;1LRC1    ;*;*;*;*;R;*;*;|134984
1696715|1|HPN;R  ;1LRC2A   ;*;*;*;*;R;*;*;|134984
1696716|1|HPN;R  ;1LRC2B   ;*;*;*;*;R;*;*;|134984
1696717|1|HPN;R  ;1LRD1    ;*;*;*;*;R;*;*;|134984
1696718|1|HPN;R  ;1LRD2A   ;*;*;*;*;R;*;*;|134984
1696719|1|HPN;R  ;1LRD2B   ;*;*;*;*;R;*;*;|134984
1696720|1|HPN;R  ;1LRD2C   ;*;*;*;*;R;*;*;|134984
1696721|1|HPN;R  ;1LRE1    ;*;*;*;*;R;*;*;|134984
1696722|1|HPN;R  ;1LRE2    ;*;*;*;*;R;*;*;|134984
1696723|1|HPN;R  ;1LRE3    ;*;*;*;*;R;*;*;|134984
1696724|1|HPN;R  ;1LRE4    ;*;*;*;*;R;*;*;|134984
1696725|1|HPN;R  ;1LRF1    ;*;*;*;*;R;*;*;|134984
1696726|1|HPN;R  ;1LRF2    ;*;*;*;*;R;*;*;|134984
1696727|1|HPN;R  ;1LRF3    ;*;*;*;*;R;*;*;|134984
1696728|1|HPN;R  ;1LRF4    ;*;*;*;*;R;*;*;|134984
1696729|1|HPN;R  ;1LRF5    ;*;*;*;*;R;*;*;|134984
1696730|1|HPN;R  ;1LRF6    ;*;*;*;*;R;*;*;|134984
1696731|1|HPN;R  ;1LRF7    ;*;*;*;*;R;*;*;|134984
1696732|1|HPN;R  ;1LRG1    ;*;*;*;*;R;*;*;|134984
1696733|1|HPN;R  ;1LRG2    ;*;*;*;*;R;*;*;|134984
1751349|1|HPN;R  ;1K111Q   ;*;*;*;*;R;*;*;|134984
1751350|1|HPN;R  ;QR911    ;*;*;*;*;R;*;*;|134984
1751369|1|HPN;R  ;QR911    ;*;*;*;*;R;*;*;|134984
1751370|1|HPN;R  ;1K111Q   ;*;*;*;*;R;*;*;|134984
1751375|1|HPN;R  ;QR911    ;*;*;*;*;R;*;*;|134984
1751376|1|HPN;R  ;1K115Q   ;*;*;*;*;R;*;*;|134984
1751377|1|HPN;R  ;1K115Q   ;*;*;*;*;R;*;*;|134984
1751378|1|HPN;R  ;QR911    ;*;*;*;*;R;*;*;|134984
1752674|1|HPN;R  ;1K116Q   ;*;*;*;*;R;*;*;|134984
1752675|1|HPN;R  ;1K116O   ;*;*;*;*;R;*;*;|134984
1752676|1|HPN;R  ;1K115O   ;*;*;*;*;R;*;*;|134984
1752677|1|HPN;R  ;1K115Q   ;*;*;*;*;R;*;*;|134984
1752678|1|HPN;R  ;1K116Q   ;*;*;*;*;R;*;*;|134984
1752679|1|HPN;R  ;1K115Q   ;*;*;*;*;R;*;*;|134984
1752680|1|HPN;R  ;1K115O   ;*;*;*;*;R;*;*;|134984
1752681|1|HPN;R  ;1K116O   ;*;*;*;*;R;*;*;|134984
1753485|1|HPN;R  ;1K116Q   ;*;*;*;*;R;*;*;|134984
1753486|1|HPN;R  ;1K111O   ;*;*;*;*;R;*;*;|134984
1753487|1|HPN;R  ;1K111Q   ;*;*;*;*;R;*;*;|134984
1753488|1|HPN;R  ;1K112O   ;*;*;*;*;R;*;*;|134984
1753489|1|HPN;R  ;1K112Q   ;*;*;*;*;R;*;*;|134984
1753490|1|HPN;R  ;1K113O   ;*;*;*;*;R;*;*;|134984
1753491|1|HPN;R  ;1K113Q   ;*;*;*;*;R;*;*;|134984
1753492|1|HPN;R  ;1K114O   ;*;*;*;*;R;*;*;|134984
1753493|1|HPN;R  ;1K114Q   ;*;*;*;*;R;*;*;|134984
1753494|1|HPN;R  ;1K115O   ;*;*;*;*;R;*;*;|134984
1753495|1|HPN;R  ;1K115Q   ;*;*;*;*;R;*;*;|134984
1753496|1|HPN;R  ;1K116O   ;*;*;*;*;R;*;*;|134984
1778909|1|HPN;R  ;1K111O   ;*;*;*;*;R;*;*;|134984
1778910|1|HPN;R  ;RL911    ;*;*;*;*;R;*;*;|134984
1778911|1|HPN;R  ;QR911    ;*;*;*;*;R;*;*;|134984
1778912|1|HPN;R  ;1K111Q   ;*;*;*;*;R;*;*;|134984
1778913|1|HPN;R  ;1K111O   ;*;*;*;*;R;*;*;|134984
1778914|1|HPN;R  ;RL911    ;*;*;*;*;R;*;*;|134984
1778915|1|HPN;R  ;1K111Q   ;*;*;*;*;R;*;*;|134984
1778916|1|HPN;R  ;QR911    ;*;*;*;*;R;*;*;|134984
1778925|1|HPN;R  ;RL911    ;*;*;*;*;R;*;*;|134984
1778926|1|HPN;R  ;1K113O   ;*;*;*;*;R;*;*;|134984
1778927|1|HPN;R  ;QR911    ;*;*;*;*;R;*;*;|134984
1778939|1|HPN;R  ;1K115Q   ;*;*;*;*;R;*;*;|134984
1778940|1|HPN;R  ;QR911    ;*;*;*;*;R;*;*;|134984
1778941|1|HPN;R  ;1K115O   ;*;*;*;*;R;*;*;|134984
1778942|1|HPN;R  ;RL911    ;*;*;*;*;R;*;*;|134984
1778943|1|HPN;R  ;QR911    ;*;*;*;*;R;*;*;|134984
1778944|1|HPN;R  ;1K115Q   ;*;*;*;*;R;*;*;|134984
1778953|1|HPN;R  ;1K114Q   ;*;*;*;*;R;*;*;|134984
1778954|1|HPN;R  ;1K114O   ;*;*;*;*;R;*;*;|134984
1778955|1|HPN;R  ;1K111O   ;*;*;*;*;R;*;*;|134984
1778956|1|HPN;R  ;1K111Q   ;*;*;*;*;R;*;*;|134984
1778957|1|HPN;R  ;1K112O   ;*;*;*;*;R;*;*;|134984
1778958|1|HPN;R  ;1K116Q   ;*;*;*;*;R;*;*;|134984
1778959|1|HPN;R  ;RL911    ;*;*;*;*;R;*;*;|134984
1778960|1|HPN;R  ;1K113Q   ;*;*;*;*;R;*;*;|134984
1778961|1|HPN;R  ;1K115O   ;*;*;*;*;R;*;*;|134984
1778962|1|HPN;R  ;1K115Q   ;*;*;*;*;R;*;*;|134984
1778963|1|HPN;R  ;1K116O   ;*;*;*;*;R;*;*;|134984
1778964|1|HPN;R  ;1K112Q   ;*;*;*;*;R;*;*;|134984
1778965|1|HPN;R  ;QR911    ;*;*;*;*;R;*;*;|134984
1778966|1|HPN;R  ;1K113O   ;*;*;*;*;R;*;*;|134984
1778967|1|HPN;R  ;1K115Q   ;*;*;*;*;R;*;*;|134984
1778968|1|HPN;R  ;1K115O   ;*;*;*;*;R;*;*;|134984
1778969|1|HPN;R  ;1K111O   ;*;*;*;*;R;*;*;|134984
1778970|1|HPN;R  ;1K111Q   ;*;*;*;*;R;*;*;|134984
1778971|1|HPN;R  ;1K112O   ;*;*;*;*;R;*;*;|134984
1778972|1|HPN;R  ;1K116Q   ;*;*;*;*;R;*;*;|134984
1778973|1|HPN;R  ;RL911    ;*;*;*;*;R;*;*;|134984
1778974|1|HPN;R  ;1K113Q   ;*;*;*;*;R;*;*;|134984
1778975|1|HPN;R  ;1K114O   ;*;*;*;*;R;*;*;|134984
1778976|1|HPN;R  ;1K114Q   ;*;*;*;*;R;*;*;|134984
1778977|1|HPN;R  ;1K116O   ;*;*;*;*;R;*;*;|134984
1778978|1|HPN;R  ;1K112Q   ;*;*;*;*;R;*;*;|134984
1778979|1|HPN;R  ;QR911    ;*;*;*;*;R;*;*;|134984
1778980|1|HPN;R  ;1K113O   ;*;*;*;*;R;*;*;|134984
1778981|1|HPN;R  ;1K111O   ;*;*;*;*;R;*;*;|134984
1778982|1|HPN;R  ;1K112Q   ;*;*;*;*;R;*;*;|134984
1778983|1|HPN;R  ;1K111Q   ;*;*;*;*;R;*;*;|134984
1778984|1|HPN;R  ;1K112O   ;*;*;*;*;R;*;*;|134984
1778985|1|HPN;R  ;1K113O   ;*;*;*;*;R;*;*;|134984
1778986|1|HPN;R  ;1K114O   ;*;*;*;*;R;*;*;|134984
1778987|1|HPN;R  ;RL911    ;*;*;*;*;R;*;*;|134984
1778988|1|HPN;R  ;1K115O   ;*;*;*;*;R;*;*;|134984
1778989|1|HPN;R  ;1K115Q   ;*;*;*;*;R;*;*;|134984
1778990|1|HPN;R  ;1K116O   ;*;*;*;*;R;*;*;|134984
1778991|1|HPN;R  ;1K116Q   ;*;*;*;*;R;*;*;|134984
1778992|1|HPN;R  ;1K113Q   ;*;*;*;*;R;*;*;|134984
1778993|1|HPN;R  ;1K114Q   ;*;*;*;*;R;*;*;|134984
1778994|1|HPN;R  ;QR911    ;*;*;*;*;R;*;*;|134984
1778995|1|HPN;R  ;1K111O   ;*;*;*;*;R;*;*;|134984
1778996|1|HPN;R  ;1K112Q   ;*;*;*;*;R;*;*;|134984
1778997|1|HPN;R  ;1K111Q   ;*;*;*;*;R;*;*;|134984
1778998|1|HPN;R  ;1K112O   ;*;*;*;*;R;*;*;|134984
1778999|1|HPN;R  ;1K113O   ;*;*;*;*;R;*;*;|134984
1779000|1|HPN;R  ;1K113Q   ;*;*;*;*;R;*;*;|134984
1779001|1|HPN;R  ;RL911    ;*;*;*;*;R;*;*;|134984
1779002|1|HPN;R  ;1K115O   ;*;*;*;*;R;*;*;|134984
1779003|1|HPN;R  ;1K115Q   ;*;*;*;*;R;*;*;|134984
1779004|1|HPN;R  ;1K116O   ;*;*;*;*;R;*;*;|134984
1779005|1|HPN;R  ;1K116Q   ;*;*;*;*;R;*;*;|134984
1779006|1|HPN;R  ;1K114O   ;*;*;*;*;R;*;*;|134984
1779007|1|HPN;R  ;1K114Q   ;*;*;*;*;R;*;*;|134984
1779008|1|HPN;R  ;QR911    ;*;*;*;*;R;*;*;|134984
1834635|1|HPN;R  ;1K111O   ;*;*;*;*;R;*;*;|134984
1834636|1|HPN;R  ;1K112O   ;*;*;*;*;R;*;*;|134984
1834637|1|HPN;R  ;1K116O   ;*;*;*;*;R;*;*;|134984
1834638|1|HPN;R  ;1K114O   ;*;*;*;*;R;*;*;|134984
1834639|1|HPN;R  ;1K115O   ;*;*;*;*;R;*;*;|134984
1834640|1|HPN;R  ;1K113O   ;*;*;*;*;R;*;*;|134984
1834629|1|HPN;R  ;1K111O   ;*;*;*;*;R;*;*;|134984
1834630|1|HPN;R  ;1K112O   ;*;*;*;*;R;*;*;|134984
1834631|1|HPN;R  ;1K113O   ;*;*;*;*;R;*;*;|134984
1834632|1|HPN;R  ;1K114O   ;*;*;*;*;R;*;*;|134984
1834633|1|HPN;R  ;1K115O   ;*;*;*;*;R;*;*;|134984
1834634|1|HPN;R  ;1K116O   ;*;*;*;*;R;*;*;|134984
1834641|1|HPN;R  ;1K111O   ;*;*;*;*;R;*;*;|134984
1834642|1|HPN;R  ;1K112O   ;*;*;*;*;R;*;*;|134984
1834643|1|HPN;R  ;1K113O   ;*;*;*;*;R;*;*;|134984
1834644|1|HPN;R  ;1K114O   ;*;*;*;*;R;*;*;|134984
1834645|1|HPN;R  ;1K115O   ;*;*;*;*;R;*;*;|134984
1834646|1|HPN;R  ;1K116O   ;*;*;*;*;R;*;*;|134984
1834647|1|HPN;R  ;1K111O   ;*;*;*;*;R;*;*;|134984
1834648|1|HPN;R  ;1K112O   ;*;*;*;*;R;*;*;|134984
1834649|1|HPN;R  ;1K116O   ;*;*;*;*;R;*;*;|134984
1834650|1|HPN;R  ;1K114O   ;*;*;*;*;R;*;*;|134984
1834651|1|HPN;R  ;1K115O   ;*;*;*;*;R;*;*;|134984
1834652|1|HPN;R  ;1K113O   ;*;*;*;*;R;*;*;|134984
1834653|1|HPN;R  ;1K111O   ;*;*;*;*;R;*;*;|134984
1834654|1|HPN;R  ;1K112O   ;*;*;*;*;R;*;*;|134984
1834655|1|HPN;R  ;1K116O   ;*;*;*;*;R;*;*;|134984
1834656|1|HPN;R  ;1K114O   ;*;*;*;*;R;*;*;|134984
1834657|1|HPN;R  ;1K115O   ;*;*;*;*;R;*;*;|134984
1834658|1|HPN;R  ;1K113O   ;*;*;*;*;R;*;*;|134984
1834659|1|HPN;R  ;1K111O   ;*;*;*;*;R;*;*;|134984
1834660|1|HPN;R  ;1K112O   ;*;*;*;*;R;*;*;|134984
1834661|1|HPN;R  ;1K113O   ;*;*;*;*;R;*;*;|134984
1834662|1|HPN;R  ;1K114O   ;*;*;*;*;R;*;*;|134984
1834663|1|HPN;R  ;1K115O   ;*;*;*;*;R;*;*;|134984
1834664|1|HPN;R  ;1K116O   ;*;*;*;*;R;*;*;|134984
1834795|1|HPN;R  ;1K111Q   ;*;*;*;*;R;*;*;|134984
1834796|1|HPN;R  ;1K112Q   ;*;*;*;*;R;*;*;|134984
1834797|1|HPN;R  ;1K116Q   ;*;*;*;*;R;*;*;|134984
1834798|1|HPN;R  ;1K114Q   ;*;*;*;*;R;*;*;|134984
1834799|1|HPN;R  ;1K115Q   ;*;*;*;*;R;*;*;|134984
1834800|1|HPN;R  ;1K113Q   ;*;*;*;*;R;*;*;|134984
1834789|1|HPN;R  ;1K111Q   ;*;*;*;*;R;*;*;|134984
1834790|1|HPN;R  ;1K112Q   ;*;*;*;*;R;*;*;|134984
1834791|1|HPN;R  ;1K113Q   ;*;*;*;*;R;*;*;|134984
1834792|1|HPN;R  ;1K114Q   ;*;*;*;*;R;*;*;|134984
1834793|1|HPN;R  ;1K115Q   ;*;*;*;*;R;*;*;|134984
1834794|1|HPN;R  ;1K116Q   ;*;*;*;*;R;*;*;|134984
1834813|1|HPN;R  ;1K111Q   ;*;*;*;*;R;*;*;|134984
1834814|1|HPN;R  ;1K112Q   ;*;*;*;*;R;*;*;|134984
1834815|1|HPN;R  ;1K116Q   ;*;*;*;*;R;*;*;|134984
1834816|1|HPN;R  ;1K114Q   ;*;*;*;*;R;*;*;|134984
1834817|1|HPN;R  ;1K115Q   ;*;*;*;*;R;*;*;|134984
1834818|1|HPN;R  ;1K113Q   ;*;*;*;*;R;*;*;|134984
1834819|1|HPN;R  ;1K111Q   ;*;*;*;*;R;*;*;|134984
1834820|1|HPN;R  ;1K112Q   ;*;*;*;*;R;*;*;|134984
1834821|1|HPN;R  ;1K113Q   ;*;*;*;*;R;*;*;|134984
1834822|1|HPN;R  ;1K114Q   ;*;*;*;*;R;*;*;|134984
1834823|1|HPN;R  ;1K115Q   ;*;*;*;*;R;*;*;|134984
1834824|1|HPN;R  ;1K116Q   ;*;*;*;*;R;*;*;|134984
1834827|1|HPN;R  ;1K116O   ;*;*;*;*;R;*;*;|134984
1834828|1|HPN;R  ;1K115O   ;*;*;*;*;R;*;*;|134984
1835811|1|HPN;R  ;1LRA1    ;*;*;*;*;R;*;*;|134984
1835812|1|HPN;R  ;1LRHCG2  ;*;*;*;*;R;*;*;|134984
1835813|1|HPN;R  ;1LRB1    ;*;*;*;*;R;*;*;|134984
1835814|1|HPN;R  ;1LRB2    ;*;*;*;*;R;*;*;|134984
1835815|1|HPN;R  ;1LRB3    ;*;*;*;*;R;*;*;|134984
1835816|1|HPN;R  ;1LRC1    ;*;*;*;*;R;*;*;|134984
1835817|1|HPN;R  ;1LRC2A   ;*;*;*;*;R;*;*;|134984
1835818|1|HPN;R  ;1LRC2B   ;*;*;*;*;R;*;*;|134984
1835819|1|HPN;R  ;1LRD1    ;*;*;*;*;R;*;*;|134984
1835820|1|HPN;R  ;1LRD2A   ;*;*;*;*;R;*;*;|134984
1835821|1|HPN;R  ;1LRD2B   ;*;*;*;*;R;*;*;|134984
1835822|1|HPN;R  ;1LRD2C   ;*;*;*;*;R;*;*;|134984
1835823|1|HPN;R  ;1LRE1    ;*;*;*;*;R;*;*;|134984
1835824|1|HPN;R  ;1LRE2    ;*;*;*;*;R;*;*;|134984
1835825|1|HPN;R  ;1LRE3    ;*;*;*;*;R;*;*;|134984
1835826|1|HPN;R  ;1LRE4    ;*;*;*;*;R;*;*;|134984
1835827|1|HPN;R  ;1LRF1    ;*;*;*;*;R;*;*;|134984
1835828|1|HPN;R  ;1LRF2    ;*;*;*;*;R;*;*;|134984
1835829|1|HPN;R  ;1LRF3    ;*;*;*;*;R;*;*;|134984
1835830|1|HPN;R  ;1LRF4    ;*;*;*;*;R;*;*;|134984
1835831|1|HPN;R  ;1LRF5    ;*;*;*;*;R;*;*;|134984
1835832|1|HPN;R  ;1LRF6    ;*;*;*;*;R;*;*;|134984
1835833|1|HPN;R  ;1LRF7    ;*;*;*;*;R;*;*;|134984
1835834|1|HPN;R  ;1LRFBA1  ;*;*;*;*;R;*;*;|134984
1835835|1|HPN;R  ;1LRFBA2  ;*;*;*;*;R;*;*;|134984
1835836|1|HPN;R  ;1LRFBB1  ;*;*;*;*;R;*;*;|134984
1835837|1|HPN;R  ;1LRFBB2  ;*;*;*;*;R;*;*;|134984
1835838|1|HPN;R  ;1LRFBB3  ;*;*;*;*;R;*;*;|134984
1835839|1|HPN;R  ;1LRFBC1  ;*;*;*;*;R;*;*;|134984
1835840|1|HPN;R  ;1LRFBC2A ;*;*;*;*;R;*;*;|134984
1835841|1|HPN;R  ;1LRFBC2B ;*;*;*;*;R;*;*;|134984
1835842|1|HPN;R  ;1LRFBD1  ;*;*;*;*;R;*;*;|134984
1835843|1|HPN;R  ;1LRFBD2A ;*;*;*;*;R;*;*;|134984
1835844|1|HPN;R  ;1LRFBD2B ;*;*;*;*;R;*;*;|134984
1835845|1|HPN;R  ;1LRFBD2C ;*;*;*;*;R;*;*;|134984
1835846|1|HPN;R  ;1LRFCA1  ;*;*;*;*;R;*;*;|134984
1835847|1|HPN;R  ;1LRFCA2  ;*;*;*;*;R;*;*;|134984
1835848|1|HPN;R  ;1LRFCB1  ;*;*;*;*;R;*;*;|134984
1835849|1|HPN;R  ;1LRFCB2  ;*;*;*;*;R;*;*;|134984
1835850|1|HPN;R  ;1LRFCB3  ;*;*;*;*;R;*;*;|134984
1835851|1|HPN;R  ;1LRFCC1  ;*;*;*;*;R;*;*;|134984
1835852|1|HPN;R  ;1LRFCC2A ;*;*;*;*;R;*;*;|134984
1835853|1|HPN;R  ;1LRFCC2B ;*;*;*;*;R;*;*;|134984
1835854|1|HPN;R  ;1LRFCD1  ;*;*;*;*;R;*;*;|134984
1835855|1|HPN;R  ;1LRFCD2A ;*;*;*;*;R;*;*;|134984
1835856|1|HPN;R  ;1LRFCD2B ;*;*;*;*;R;*;*;|134984
1835857|1|HPN;R  ;1LRFCD2C ;*;*;*;*;R;*;*;|134984
1835858|1|HPN;R  ;1LRG1    ;*;*;*;*;R;*;*;|134984
1835859|1|HPN;R  ;1LRG2    ;*;*;*;*;R;*;*;|134984
1835860|1|HPN;R  ;1LRHCE1  ;*;*;*;*;R;*;*;|134984
1835861|1|HPN;R  ;1LRHCE2  ;*;*;*;*;R;*;*;|134984
1835862|1|HPN;R  ;1LRHCE3  ;*;*;*;*;R;*;*;|134984
1835863|1|HPN;R  ;1LRHCE4  ;*;*;*;*;R;*;*;|134984
1835864|1|HPN;R  ;1LRHCF1  ;*;*;*;*;R;*;*;|134984
1835865|1|HPN;R  ;1LRHCF2  ;*;*;*;*;R;*;*;|134984
1835866|1|HPN;R  ;1LRHCF3  ;*;*;*;*;R;*;*;|134984
1835867|1|HPN;R  ;1LRHCF4  ;*;*;*;*;R;*;*;|134984
1835868|1|HPN;R  ;1LRHCF5  ;*;*;*;*;R;*;*;|134984
1835869|1|HPN;R  ;1LRHCF6  ;*;*;*;*;R;*;*;|134984
1835870|1|HPN;R  ;1LRHCF7  ;*;*;*;*;R;*;*;|134984
1835871|1|HPN;R  ;1LRHCG1  ;*;*;*;*;R;*;*;|134984
1835872|1|HPN;R  ;1LRA2    ;*;*;*;*;R;*;*;|134984
1835749|1|HPN;R  ;1LRA1    ;*;*;*;*;R;*;*;|134984
1835750|1|HPN;R  ;1LRHCG2  ;*;*;*;*;R;*;*;|134984
1835751|1|HPN;R  ;1LRB1    ;*;*;*;*;R;*;*;|134984
1835752|1|HPN;R  ;1LRB2    ;*;*;*;*;R;*;*;|134984
1835753|1|HPN;R  ;1LRB3    ;*;*;*;*;R;*;*;|134984
1835754|1|HPN;R  ;1LRC1    ;*;*;*;*;R;*;*;|134984
1835755|1|HPN;R  ;1LRC2A   ;*;*;*;*;R;*;*;|134984
1835756|1|HPN;R  ;1LRC2B   ;*;*;*;*;R;*;*;|134984
1835757|1|HPN;R  ;1LRD1    ;*;*;*;*;R;*;*;|134984
1835758|1|HPN;R  ;1LRD2A   ;*;*;*;*;R;*;*;|134984
1835759|1|HPN;R  ;1LRD2B   ;*;*;*;*;R;*;*;|134984
1835760|1|HPN;R  ;1LRD2C   ;*;*;*;*;R;*;*;|134984
1835761|1|HPN;R  ;1LRE1    ;*;*;*;*;R;*;*;|134984
1835762|1|HPN;R  ;1LRE2    ;*;*;*;*;R;*;*;|134984
1835763|1|HPN;R  ;1LRE3    ;*;*;*;*;R;*;*;|134984
1835764|1|HPN;R  ;1LRE4    ;*;*;*;*;R;*;*;|134984
1835765|1|HPN;R  ;1LRF1    ;*;*;*;*;R;*;*;|134984
1835766|1|HPN;R  ;1LRF2    ;*;*;*;*;R;*;*;|134984
1835767|1|HPN;R  ;1LRF3    ;*;*;*;*;R;*;*;|134984
1835768|1|HPN;R  ;1LRF4    ;*;*;*;*;R;*;*;|134984
1835769|1|HPN;R  ;1LRF5    ;*;*;*;*;R;*;*;|134984
1835770|1|HPN;R  ;1LRF6    ;*;*;*;*;R;*;*;|134984
1835771|1|HPN;R  ;1LRF7    ;*;*;*;*;R;*;*;|134984
1835772|1|HPN;R  ;1LRFBA1  ;*;*;*;*;R;*;*;|134984
1835773|1|HPN;R  ;1LRFBA2  ;*;*;*;*;R;*;*;|134984
1835774|1|HPN;R  ;1LRFBB1  ;*;*;*;*;R;*;*;|134984
1835775|1|HPN;R  ;1LRFBB2  ;*;*;*;*;R;*;*;|134984
1835776|1|HPN;R  ;1LRFBB3  ;*;*;*;*;R;*;*;|134984
1835777|1|HPN;R  ;1LRFBC1  ;*;*;*;*;R;*;*;|134984
1835778|1|HPN;R  ;1LRFBC2A ;*;*;*;*;R;*;*;|134984
1835779|1|HPN;R  ;1LRFBC2B ;*;*;*;*;R;*;*;|134984
1835780|1|HPN;R  ;1LRFBD1  ;*;*;*;*;R;*;*;|134984
1835781|1|HPN;R  ;1LRFBD2A ;*;*;*;*;R;*;*;|134984
1835782|1|HPN;R  ;1LRFBD2B ;*;*;*;*;R;*;*;|134984
1835783|1|HPN;R  ;1LRFBD2C ;*;*;*;*;R;*;*;|134984
1835784|1|HPN;R  ;1LRFCA1  ;*;*;*;*;R;*;*;|134984
1835785|1|HPN;R  ;1LRFCA2  ;*;*;*;*;R;*;*;|134984
1835786|1|HPN;R  ;1LRFCB1  ;*;*;*;*;R;*;*;|134984
1835787|1|HPN;R  ;1LRFCB2  ;*;*;*;*;R;*;*;|134984
1835788|1|HPN;R  ;1LRFCB3  ;*;*;*;*;R;*;*;|134984
1835789|1|HPN;R  ;1LRFCC1  ;*;*;*;*;R;*;*;|134984
1835790|1|HPN;R  ;1LRFCC2A ;*;*;*;*;R;*;*;|134984
1835791|1|HPN;R  ;1LRFCC2B ;*;*;*;*;R;*;*;|134984
1835792|1|HPN;R  ;1LRFCD1  ;*;*;*;*;R;*;*;|134984
1835793|1|HPN;R  ;1LRFCD2A ;*;*;*;*;R;*;*;|134984
1835794|1|HPN;R  ;1LRFCD2B ;*;*;*;*;R;*;*;|134984
1835795|1|HPN;R  ;1LRFCD2C ;*;*;*;*;R;*;*;|134984
1835796|1|HPN;R  ;1LRG1    ;*;*;*;*;R;*;*;|134984
1835797|1|HPN;R  ;1LRG2    ;*;*;*;*;R;*;*;|134984
1835798|1|HPN;R  ;1LRHCE1  ;*;*;*;*;R;*;*;|134984
1835799|1|HPN;R  ;1LRHCE2  ;*;*;*;*;R;*;*;|134984
1835800|1|HPN;R  ;1LRHCE3  ;*;*;*;*;R;*;*;|134984
1835801|1|HPN;R  ;1LRHCE4  ;*;*;*;*;R;*;*;|134984
1835802|1|HPN;R  ;1LRHCF1  ;*;*;*;*;R;*;*;|134984
1835803|1|HPN;R  ;1LRHCF2  ;*;*;*;*;R;*;*;|134984
1835804|1|HPN;R  ;1LRHCF3  ;*;*;*;*;R;*;*;|134984
1835805|1|HPN;R  ;1LRHCF4  ;*;*;*;*;R;*;*;|134984
1835806|1|HPN;R  ;1LRHCF5  ;*;*;*;*;R;*;*;|134984
1835807|1|HPN;R  ;1LRHCF6  ;*;*;*;*;R;*;*;|134984
1835808|1|HPN;R  ;1LRHCF7  ;*;*;*;*;R;*;*;|134984
1835809|1|HPN;R  ;1LRHCG1  ;*;*;*;*;R;*;*;|134984
1835810|1|HPN;R  ;1LRA2    ;*;*;*;*;R;*;*;|134984
1835873|1|HPN;R  ;1LRHCG2  ;*;*;*;*;R;*;*;|134984
1835874|1|HPN;R  ;1LRHCG1  ;*;*;*;*;R;*;*;|134984
1835875|1|HPN;R  ;1LRA2    ;*;*;*;*;R;*;*;|134984
1835876|1|HPN;R  ;1LRB1    ;*;*;*;*;R;*;*;|134984
1835877|1|HPN;R  ;1LRB2    ;*;*;*;*;R;*;*;|134984
1835878|1|HPN;R  ;1LRB3    ;*;*;*;*;R;*;*;|134984
1835879|1|HPN;R  ;1LRC1    ;*;*;*;*;R;*;*;|134984
1835880|1|HPN;R  ;1LRC2A   ;*;*;*;*;R;*;*;|134984
1835881|1|HPN;R  ;1LRC2B   ;*;*;*;*;R;*;*;|134984
1835882|1|HPN;R  ;1LRD1    ;*;*;*;*;R;*;*;|134984
1835883|1|HPN;R  ;1LRD2A   ;*;*;*;*;R;*;*;|134984
1835884|1|HPN;R  ;1LRD2B   ;*;*;*;*;R;*;*;|134984
1835885|1|HPN;R  ;1LRD2C   ;*;*;*;*;R;*;*;|134984
1835886|1|HPN;R  ;1LRE1    ;*;*;*;*;R;*;*;|134984
1835887|1|HPN;R  ;1LRE2    ;*;*;*;*;R;*;*;|134984
1835888|1|HPN;R  ;1LRE3    ;*;*;*;*;R;*;*;|134984
1835889|1|HPN;R  ;1LRE4    ;*;*;*;*;R;*;*;|134984
1835890|1|HPN;R  ;1LRF1    ;*;*;*;*;R;*;*;|134984
1835891|1|HPN;R  ;1LRF2    ;*;*;*;*;R;*;*;|134984
1835892|1|HPN;R  ;1LRF3    ;*;*;*;*;R;*;*;|134984
1835893|1|HPN;R  ;1LRF4    ;*;*;*;*;R;*;*;|134984
1835894|1|HPN;R  ;1LRF5    ;*;*;*;*;R;*;*;|134984
1835895|1|HPN;R  ;1LRF6    ;*;*;*;*;R;*;*;|134984
1835896|1|HPN;R  ;1LRF7    ;*;*;*;*;R;*;*;|134984
1835897|1|HPN;R  ;1LRFBA1  ;*;*;*;*;R;*;*;|134984
1835898|1|HPN;R  ;1LRFBA2  ;*;*;*;*;R;*;*;|134984
1835899|1|HPN;R  ;1LRFBB1  ;*;*;*;*;R;*;*;|134984
1835900|1|HPN;R  ;1LRFBB2  ;*;*;*;*;R;*;*;|134984
1835901|1|HPN;R  ;1LRFBB3  ;*;*;*;*;R;*;*;|134984
1835902|1|HPN;R  ;1LRFBC1  ;*;*;*;*;R;*;*;|134984
1835903|1|HPN;R  ;1LRFBC2A ;*;*;*;*;R;*;*;|134984
1835904|1|HPN;R  ;1LRFBC2B ;*;*;*;*;R;*;*;|134984
1835905|1|HPN;R  ;1LRFBD1  ;*;*;*;*;R;*;*;|134984
1835906|1|HPN;R  ;1LRFBD2A ;*;*;*;*;R;*;*;|134984
1835907|1|HPN;R  ;1LRFBD2B ;*;*;*;*;R;*;*;|134984
1835908|1|HPN;R  ;1LRFBD2C ;*;*;*;*;R;*;*;|134984
1835909|1|HPN;R  ;1LRFCA1  ;*;*;*;*;R;*;*;|134984
1835910|1|HPN;R  ;1LRFCA2  ;*;*;*;*;R;*;*;|134984
1835911|1|HPN;R  ;1LRFCB1  ;*;*;*;*;R;*;*;|134984
1835912|1|HPN;R  ;1LRFCB2  ;*;*;*;*;R;*;*;|134984
1835913|1|HPN;R  ;1LRFCB3  ;*;*;*;*;R;*;*;|134984
1835914|1|HPN;R  ;1LRFCC1  ;*;*;*;*;R;*;*;|134984
1835915|1|HPN;R  ;1LRFCC2A ;*;*;*;*;R;*;*;|134984
1835916|1|HPN;R  ;1LRFCC2B ;*;*;*;*;R;*;*;|134984
1835917|1|HPN;R  ;1LRFCD1  ;*;*;*;*;R;*;*;|134984
1835918|1|HPN;R  ;1LRFCD2A ;*;*;*;*;R;*;*;|134984
1835919|1|HPN;R  ;1LRFCD2B ;*;*;*;*;R;*;*;|134984
1835920|1|HPN;R  ;1LRFCD2C ;*;*;*;*;R;*;*;|134984
1835921|1|HPN;R  ;1LRG1    ;*;*;*;*;R;*;*;|134984
1835922|1|HPN;R  ;1LRG2    ;*;*;*;*;R;*;*;|134984
1835923|1|HPN;R  ;1LRHCE1  ;*;*;*;*;R;*;*;|134984
1835924|1|HPN;R  ;1LRHCE2  ;*;*;*;*;R;*;*;|134984
1835925|1|HPN;R  ;1LRHCE3  ;*;*;*;*;R;*;*;|134984
1835926|1|HPN;R  ;1LRHCE4  ;*;*;*;*;R;*;*;|134984
1835927|1|HPN;R  ;1LRHCF1  ;*;*;*;*;R;*;*;|134984
1835928|1|HPN;R  ;1LRHCF2  ;*;*;*;*;R;*;*;|134984
1835929|1|HPN;R  ;1LRHCF3  ;*;*;*;*;R;*;*;|134984
1835930|1|HPN;R  ;1LRHCF4  ;*;*;*;*;R;*;*;|134984
1835931|1|HPN;R  ;1LRHCF5  ;*;*;*;*;R;*;*;|134984
1835932|1|HPN;R  ;1LRHCF6  ;*;*;*;*;R;*;*;|134984
1835933|1|HPN;R  ;1LRHCF7  ;*;*;*;*;R;*;*;|134984
1835934|1|HPN;R  ;1LRA1    ;*;*;*;*;R;*;*;|134984
1848455|1|HPN;R  ;QR911    ;*;*;*;*;R;*;*;|134984
1848456|1|HPN;R  ;1K111Q   ;*;*;*;*;R;*;*;|134984
1848449|1|HPN;R  ;RL911    ;*;*;*;*;R;*;*;|134984
1848450|1|HPN;R  ;1K111O   ;*;*;*;*;R;*;*;|134984
1848451|1|HPN;R  ;1K111Q   ;*;*;*;*;R;*;*;|134984
1848452|1|HPN;R  ;QR911    ;*;*;*;*;R;*;*;|134984
1848453|1|HPN;R  ;RL911    ;*;*;*;*;R;*;*;|134984
1848454|1|HPN;R  ;1K111O   ;*;*;*;*;R;*;*;|134984
1848465|1|HPN;R  ;RL911    ;*;*;*;*;R;*;*;|134984
1848466|1|HPN;R  ;QR911    ;*;*;*;*;R;*;*;|134984
1848467|1|HPN;R  ;1K113O   ;*;*;*;*;R;*;*;|134984
1848479|1|HPN;R  ;QR911    ;*;*;*;*;R;*;*;|134984
1848480|1|HPN;R  ;1K115Q   ;*;*;*;*;R;*;*;|134984
1848481|1|HPN;R  ;RL911    ;*;*;*;*;R;*;*;|134984
1848482|1|HPN;R  ;1K115O   ;*;*;*;*;R;*;*;|134984
1848483|1|HPN;R  ;1K115Q   ;*;*;*;*;R;*;*;|134984
1848484|1|HPN;R  ;QR911    ;*;*;*;*;R;*;*;|134984
1848493|1|HPN;R  ;1K114Q   ;*;*;*;*;R;*;*;|134984
1848494|1|HPN;R  ;1K114O   ;*;*;*;*;R;*;*;|134984
1848495|1|HPN;R  ;1K111O   ;*;*;*;*;R;*;*;|134984
1848496|1|HPN;R  ;1K111Q   ;*;*;*;*;R;*;*;|134984
1848497|1|HPN;R  ;1K112O   ;*;*;*;*;R;*;*;|134984
1848498|1|HPN;R  ;1K116Q   ;*;*;*;*;R;*;*;|134984
1848499|1|HPN;R  ;1K113O   ;*;*;*;*;R;*;*;|134984
1848500|1|HPN;R  ;1K113Q   ;*;*;*;*;R;*;*;|134984
1848501|1|HPN;R  ;1K115O   ;*;*;*;*;R;*;*;|134984
1848502|1|HPN;R  ;1K115Q   ;*;*;*;*;R;*;*;|134984
1848503|1|HPN;R  ;1K116O   ;*;*;*;*;R;*;*;|134984
1848504|1|HPN;R  ;1K112Q   ;*;*;*;*;R;*;*;|134984
1848505|1|HPN;R  ;QR911    ;*;*;*;*;R;*;*;|134984
1848506|1|HPN;R  ;RL911    ;*;*;*;*;R;*;*;|134984
1848507|1|HPN;R  ;1K115Q   ;*;*;*;*;R;*;*;|134984
1848508|1|HPN;R  ;1K115O   ;*;*;*;*;R;*;*;|134984
1848509|1|HPN;R  ;1K111O   ;*;*;*;*;R;*;*;|134984
1848510|1|HPN;R  ;1K111Q   ;*;*;*;*;R;*;*;|134984
1848511|1|HPN;R  ;1K112O   ;*;*;*;*;R;*;*;|134984
1848512|1|HPN;R  ;1K116Q   ;*;*;*;*;R;*;*;|134984
1848513|1|HPN;R  ;1K113O   ;*;*;*;*;R;*;*;|134984
1848514|1|HPN;R  ;1K113Q   ;*;*;*;*;R;*;*;|134984
1848515|1|HPN;R  ;1K114O   ;*;*;*;*;R;*;*;|134984
1848516|1|HPN;R  ;1K114Q   ;*;*;*;*;R;*;*;|134984
1848517|1|HPN;R  ;1K116O   ;*;*;*;*;R;*;*;|134984
1848518|1|HPN;R  ;1K112Q   ;*;*;*;*;R;*;*;|134984
1848519|1|HPN;R  ;QR911    ;*;*;*;*;R;*;*;|134984
1848520|1|HPN;R  ;RL911    ;*;*;*;*;R;*;*;|134984
1848521|1|HPN;R  ;1K111O   ;*;*;*;*;R;*;*;|134984
1848522|1|HPN;R  ;1K112Q   ;*;*;*;*;R;*;*;|134984
1848523|1|HPN;R  ;1K111Q   ;*;*;*;*;R;*;*;|134984
1848524|1|HPN;R  ;1K112O   ;*;*;*;*;R;*;*;|134984
1848525|1|HPN;R  ;1K113O   ;*;*;*;*;R;*;*;|134984
1848526|1|HPN;R  ;1K114O   ;*;*;*;*;R;*;*;|134984
1848527|1|HPN;R  ;QR911    ;*;*;*;*;R;*;*;|134984
1848528|1|HPN;R  ;1K115O   ;*;*;*;*;R;*;*;|134984
1848529|1|HPN;R  ;1K115Q   ;*;*;*;*;R;*;*;|134984
1848530|1|HPN;R  ;1K116O   ;*;*;*;*;R;*;*;|134984
1848531|1|HPN;R  ;1K116Q   ;*;*;*;*;R;*;*;|134984
1848532|1|HPN;R  ;1K113Q   ;*;*;*;*;R;*;*;|134984
1848533|1|HPN;R  ;1K114Q   ;*;*;*;*;R;*;*;|134984
1848534|1|HPN;R  ;RL911    ;*;*;*;*;R;*;*;|134984
1848535|1|HPN;R  ;1K111O   ;*;*;*;*;R;*;*;|134984
1848536|1|HPN;R  ;1K112Q   ;*;*;*;*;R;*;*;|134984
1848537|1|HPN;R  ;1K111Q   ;*;*;*;*;R;*;*;|134984
1848538|1|HPN;R  ;1K112O   ;*;*;*;*;R;*;*;|134984
1848539|1|HPN;R  ;1K113O   ;*;*;*;*;R;*;*;|134984
1848540|1|HPN;R  ;1K113Q   ;*;*;*;*;R;*;*;|134984
1848541|1|HPN;R  ;QR911    ;*;*;*;*;R;*;*;|134984
1848542|1|HPN;R  ;1K115O   ;*;*;*;*;R;*;*;|134984
1664377|1|HPN;R  ;1K116Q   ;*;*;*;*;R;*;*;|134984
1664378|1|HPN;R  ;1K115Q   ;*;*;*;*;R;*;*;|134984
1664379|1|HPN;R  ;1K115O   ;*;*;*;*;R;*;*;|134984
1664380|1|HPN;R  ;1K116O   ;*;*;*;*;R;*;*;|134984
1664381|1|HPN;R  ;1K112Q   ;*;*;*;*;R;*;*;|134984
1664382|1|HPN;R  ;1K111Q   ;*;*;*;*;R;*;*;|134984
1664383|1|HPN;R  ;1K111O   ;*;*;*;*;R;*;*;|134984
1664384|1|HPN;R  ;1K112O   ;*;*;*;*;R;*;*;|134984
1664385|1|HPN;R  ;1K116Q   ;*;*;*;*;R;*;*;|134984
1664386|1|HPN;R  ;1K115Q   ;*;*;*;*;R;*;*;|134984
1664387|1|HPN;R  ;1K115O   ;*;*;*;*;R;*;*;|134984
1664388|1|HPN;R  ;1K116O   ;*;*;*;*;R;*;*;|134984
1664389|1|HPN;R  ;1K115O   ;*;*;*;*;R;*;*;|134984
1664390|1|HPN;R  ;1K116O   ;*;*;*;*;R;*;*;|134984
1664391|1|HPN;R  ;1K112O   ;*;*;*;*;R;*;*;|134984
1664392|1|HPN;R  ;1K111O   ;*;*;*;*;R;*;*;|134984
1664393|1|HPN;R  ;1K111Q   ;*;*;*;*;R;*;*;|134984
1664394|1|HPN;R  ;1K112Q   ;*;*;*;*;R;*;*;|134984
1664395|1|HPN;R  ;1K115Q   ;*;*;*;*;R;*;*;|134984
1664396|1|HPN;R  ;1K116Q   ;*;*;*;*;R;*;*;|134984
1664413|1|HPN;R  ;1K111O   ;*;*;*;*;R;*;*;|134984
1664414|1|HPN;R  ;1K116O   ;*;*;*;*;R;*;*;|134984
1664415|1|HPN;R  ;1K112O   ;*;*;*;*;R;*;*;|134984
1664416|1|HPN;R  ;1K115O   ;*;*;*;*;R;*;*;|134984
1664417|1|HPN;R  ;1K111Q   ;*;*;*;*;R;*;*;|134984
1664418|1|HPN;R  ;1K112Q   ;*;*;*;*;R;*;*;|134984
1664419|1|HPN;R  ;1K115Q   ;*;*;*;*;R;*;*;|134984
1664420|1|HPN;R  ;1K116Q   ;*;*;*;*;R;*;*;|134984
1664421|1|HPN;R  ;1K112O   ;*;*;*;*;R;*;*;|134984
1664422|1|HPN;R  ;1K111O   ;*;*;*;*;R;*;*;|134984
1664423|1|HPN;R  ;1K111Q   ;*;*;*;*;R;*;*;|134984
1664424|1|HPN;R  ;1K112Q   ;*;*;*;*;R;*;*;|134984
1664425|1|HPN;R  ;1K112O   ;*;*;*;*;R;*;*;|134984
1664426|1|HPN;R  ;1K111O   ;*;*;*;*;R;*;*;|134984
1664427|1|HPN;R  ;1K111Q   ;*;*;*;*;R;*;*;|134984
1664428|1|HPN;R  ;1K112Q   ;*;*;*;*;R;*;*;|134984
1664429|1|HPN;R  ;1K116O   ;*;*;*;*;R;*;*;|134984
1664430|1|HPN;R  ;1K115O   ;*;*;*;*;R;*;*;|134984
1664431|1|HPN;R  ;1K115Q   ;*;*;*;*;R;*;*;|134984
1664432|1|HPN;R  ;1K116Q   ;*;*;*;*;R;*;*;|134984
1664437|1|HPN;R  ;1K116O   ;*;*;*;*;R;*;*;|134984
1664438|1|HPN;R  ;1K115O   ;*;*;*;*;R;*;*;|134984
1664439|1|HPN;R  ;1K115Q   ;*;*;*;*;R;*;*;|134984
1664440|1|HPN;R  ;1K116Q   ;*;*;*;*;R;*;*;|134984
1664441|1|HPN;R  ;1K111O   ;*;*;*;*;R;*;*;|134984
1664442|1|HPN;R  ;1K116O   ;*;*;*;*;R;*;*;|134984
1664443|1|HPN;R  ;1K112O   ;*;*;*;*;R;*;*;|134984
1664444|1|HPN;R  ;1K115O   ;*;*;*;*;R;*;*;|134984
1664445|1|HPN;R  ;1K111Q   ;*;*;*;*;R;*;*;|134984
1664446|1|HPN;R  ;1K112Q   ;*;*;*;*;R;*;*;|134984
1664447|1|HPN;R  ;1K115Q   ;*;*;*;*;R;*;*;|134984
1664448|1|HPN;R  ;1K116Q   ;*;*;*;*;R;*;*;|134984
1664449|1|HPN;R  ;1K111O   ;*;*;*;*;R;*;*;|134984
1664450|1|HPN;R  ;1K116O   ;*;*;*;*;R;*;*;|134984
1664451|1|HPN;R  ;1K112O   ;*;*;*;*;R;*;*;|134984
1664452|1|HPN;R  ;1K115O   ;*;*;*;*;R;*;*;|134984
1664453|1|HPN;R  ;1K111Q   ;*;*;*;*;R;*;*;|134984
1664454|1|HPN;R  ;1K112Q   ;*;*;*;*;R;*;*;|134984
1664455|1|HPN;R  ;1K115Q   ;*;*;*;*;R;*;*;|134984
1664456|1|HPN;R  ;1K116Q   ;*;*;*;*;R;*;*;|134984
1664457|1|HPN;R  ;1K116O   ;*;*;*;*;R;*;*;|134984
1664458|1|HPN;R  ;1K115O   ;*;*;*;*;R;*;*;|134984
1664459|1|HPN;R  ;1K115Q   ;*;*;*;*;R;*;*;|134984
1664460|1|HPN;R  ;1K116Q   ;*;*;*;*;R;*;*;|134984
1664461|1|HPN;R  ;1K116O   ;*;*;*;*;R;*;*;|134984
1664462|1|HPN;R  ;1K115O   ;*;*;*;*;R;*;*;|134984
1664463|1|HPN;R  ;1K115Q   ;*;*;*;*;R;*;*;|134984
1664464|1|HPN;R  ;1K116Q   ;*;*;*;*;R;*;*;|134984
1664469|1|HPN;R  ;1K116O   ;*;*;*;*;R;*;*;|134984
1664470|1|HPN;R  ;1K115O   ;*;*;*;*;R;*;*;|134984
1664471|1|HPN;R  ;1K115Q   ;*;*;*;*;R;*;*;|134984
1664472|1|HPN;R  ;1K116Q   ;*;*;*;*;R;*;*;|134984
1664477|1|HPN;R  ;1K112O   ;*;*;*;*;R;*;*;|134984
1664478|1|HPN;R  ;1K111O   ;*;*;*;*;R;*;*;|134984
1664479|1|HPN;R  ;1K111Q   ;*;*;*;*;R;*;*;|134984
1664480|1|HPN;R  ;1K112Q   ;*;*;*;*;R;*;*;|134984
1664481|1|HPN;R  ;1K112O   ;*;*;*;*;R;*;*;|134984
1664482|1|HPN;R  ;1K111O   ;*;*;*;*;R;*;*;|134984
1664483|1|HPN;R  ;1K111Q   ;*;*;*;*;R;*;*;|134984
1664484|1|HPN;R  ;1K112Q   ;*;*;*;*;R;*;*;|134984
1664485|1|HPN;R  ;1K116O   ;*;*;*;*;R;*;*;|134984
1664486|1|HPN;R  ;1K115O   ;*;*;*;*;R;*;*;|134984
1664487|1|HPN;R  ;1K115Q   ;*;*;*;*;R;*;*;|134984
1664488|1|HPN;R  ;1K116Q   ;*;*;*;*;R;*;*;|134984
1664489|1|HPN;R  ;1K115O   ;*;*;*;*;R;*;*;|134984
1664490|1|HPN;R  ;1K111O   ;*;*;*;*;R;*;*;|134984
1664491|1|HPN;R  ;1K116O   ;*;*;*;*;R;*;*;|134984
1664492|1|HPN;R  ;1K113O   ;*;*;*;*;R;*;*;|134984
1664493|1|HPN;R  ;1K114O   ;*;*;*;*;R;*;*;|134984
1664494|1|HPN;R  ;1K112O   ;*;*;*;*;R;*;*;|134984
1664495|1|HPN;R  ;1K111Q   ;*;*;*;*;R;*;*;|134984
1664496|1|HPN;R  ;1K112Q   ;*;*;*;*;R;*;*;|134984
1664497|1|HPN;R  ;1K113Q   ;*;*;*;*;R;*;*;|134984
1664498|1|HPN;R  ;1K114Q   ;*;*;*;*;R;*;*;|134984
1664499|1|HPN;R  ;1K115Q   ;*;*;*;*;R;*;*;|134984
1664500|1|HPN;R  ;1K116Q   ;*;*;*;*;R;*;*;|134984
1664505|1|HPN;R  ;1K116O   ;*;*;*;*;R;*;*;|134984
1664506|1|HPN;R  ;1K115O   ;*;*;*;*;R;*;*;|134984
1664507|1|HPN;R  ;1K115Q   ;*;*;*;*;R;*;*;|134984
1664508|1|HPN;R  ;1K116Q   ;*;*;*;*;R;*;*;|134984
1664509|1|HPN;R  ;1K111O   ;*;*;*;*;R;*;*;|134984
1664510|1|HPN;R  ;1K112O   ;*;*;*;*;R;*;*;|134984
1664511|1|HPN;R  ;1K111Q   ;*;*;*;*;R;*;*;|134984
1664512|1|HPN;R  ;1K112Q   ;*;*;*;*;R;*;*;|134984
1664513|1|HPN;R  ;1K115O   ;*;*;*;*;R;*;*;|134984
1664514|1|HPN;R  ;1K116O   ;*;*;*;*;R;*;*;|134984
1664515|1|HPN;R  ;1K115Q   ;*;*;*;*;R;*;*;|134984
1664516|1|HPN;R  ;1K116Q   ;*;*;*;*;R;*;*;|134984
1664517|1|HPN;R  ;1K115O   ;*;*;*;*;R;*;*;|134984
1664518|1|HPN;R  ;1K111O   ;*;*;*;*;R;*;*;|134984
1664519|1|HPN;R  ;1K112O   ;*;*;*;*;R;*;*;|134984
1664520|1|HPN;R  ;1K113O   ;*;*;*;*;R;*;*;|134984
1664521|1|HPN;R  ;1K114O   ;*;*;*;*;R;*;*;|134984
1664522|1|HPN;R  ;1K116O   ;*;*;*;*;R;*;*;|134984
1664523|1|HPN;R  ;1K111Q   ;*;*;*;*;R;*;*;|134984
1664524|1|HPN;R  ;1K112Q   ;*;*;*;*;R;*;*;|134984
1664525|1|HPN;R  ;1K113Q   ;*;*;*;*;R;*;*;|134984
1664526|1|HPN;R  ;1K114Q   ;*;*;*;*;R;*;*;|134984
1664527|1|HPN;R  ;1K115Q   ;*;*;*;*;R;*;*;|134984
1664528|1|HPN;R  ;1K116Q   ;*;*;*;*;R;*;*;|134984
1664529|1|HPN;R  ;1K111O   ;*;*;*;*;R;*;*;|134984
1664530|1|HPN;R  ;1K112O   ;*;*;*;*;R;*;*;|134984
1664531|1|HPN;R  ;1K111Q   ;*;*;*;*;R;*;*;|134984
1664532|1|HPN;R  ;1K112Q   ;*;*;*;*;R;*;*;|134984
1664533|1|HPN;R  ;1K115O   ;*;*;*;*;R;*;*;|134984
1664534|1|HPN;R  ;1K116O   ;*;*;*;*;R;*;*;|134984
1664535|1|HPN;R  ;1K115Q   ;*;*;*;*;R;*;*;|134984
1664536|1|HPN;R  ;1K116Q   ;*;*;*;*;R;*;*;|134984
1664537|1|HPN;R  ;1K112O   ;*;*;*;*;R;*;*;|134984
1664538|1|HPN;R  ;1K111O   ;*;*;*;*;R;*;*;|134984
1664539|1|HPN;R  ;1K111Q   ;*;*;*;*;R;*;*;|134984
1664540|1|HPN;R  ;1K112Q   ;*;*;*;*;R;*;*;|134984
1664541|1|HPN;R  ;1K116O   ;*;*;*;*;R;*;*;|134984
1664542|1|HPN;R  ;1K115O   ;*;*;*;*;R;*;*;|134984
1664543|1|HPN;R  ;1K115Q   ;*;*;*;*;R;*;*;|134984
1664544|1|HPN;R  ;1K116Q   ;*;*;*;*;R;*;*;|134984
1664545|1|HPN;R  ;1K111Q   ;*;*;*;*;R;*;*;|134984
1664546|1|HPN;R  ;1K112Q   ;*;*;*;*;R;*;*;|134984
1664547|1|HPN;R  ;1K116Q   ;*;*;*;*;R;*;*;|134984
1664548|1|HPN;R  ;1K114Q   ;*;*;*;*;R;*;*;|134984
1664549|1|HPN;R  ;1K115Q   ;*;*;*;*;R;*;*;|134984
1664550|1|HPN;R  ;1K113Q   ;*;*;*;*;R;*;*;|134984
1664551|1|HPN;R  ;1K111O   ;*;*;*;*;R;*;*;|134984
1664552|1|HPN;R  ;1K112O   ;*;*;*;*;R;*;*;|134984
1664553|1|HPN;R  ;1K113O   ;*;*;*;*;R;*;*;|134984
1664554|1|HPN;R  ;1K114O   ;*;*;*;*;R;*;*;|134984
1664555|1|HPN;R  ;1K115O   ;*;*;*;*;R;*;*;|134984
1664556|1|HPN;R  ;1K116O   ;*;*;*;*;R;*;*;|134984
1664565|1|HPN;R  ;1K112Q   ;*;*;*;*;R;*;*;|134984
1664566|1|HPN;R  ;1K111Q   ;*;*;*;*;R;*;*;|134984
1664567|1|HPN;R  ;1K111O   ;*;*;*;*;R;*;*;|134984
1664568|1|HPN;R  ;1K112O   ;*;*;*;*;R;*;*;|134984
1664569|1|HPN;R  ;1K116Q   ;*;*;*;*;R;*;*;|134984
1664570|1|HPN;R  ;1K115Q   ;*;*;*;*;R;*;*;|134984
1664571|1|HPN;R  ;1K115O   ;*;*;*;*;R;*;*;|134984
1664572|1|HPN;R  ;1K116O   ;*;*;*;*;R;*;*;|134984
1664573|1|HPN;R  ;1K111Q   ;*;*;*;*;R;*;*;|134984
1664574|1|HPN;R  ;1K112Q   ;*;*;*;*;R;*;*;|134984
1664575|1|HPN;R  ;1K113Q   ;*;*;*;*;R;*;*;|134984
1664576|1|HPN;R  ;1K114Q   ;*;*;*;*;R;*;*;|134984
1664577|1|HPN;R  ;1K115Q   ;*;*;*;*;R;*;*;|134984
1664578|1|HPN;R  ;1K116Q   ;*;*;*;*;R;*;*;|134984
1664579|1|HPN;R  ;1K111O   ;*;*;*;*;R;*;*;|134984
1664580|1|HPN;R  ;1K112O   ;*;*;*;*;R;*;*;|134984
1664581|1|HPN;R  ;1K113O   ;*;*;*;*;R;*;*;|134984
1664582|1|HPN;R  ;1K114O   ;*;*;*;*;R;*;*;|134984
1664583|1|HPN;R  ;1K115O   ;*;*;*;*;R;*;*;|134984
1664584|1|HPN;R  ;1K116O   ;*;*;*;*;R;*;*;|134984
1664593|1|HPN;R  ;1K111Q   ;*;*;*;*;R;*;*;|134984
1664594|1|HPN;R  ;1K112Q   ;*;*;*;*;R;*;*;|134984
1664595|1|HPN;R  ;1K111O   ;*;*;*;*;R;*;*;|134984
1664596|1|HPN;R  ;1K112O   ;*;*;*;*;R;*;*;|134984
1664597|1|HPN;R  ;1K115Q   ;*;*;*;*;R;*;*;|134984
1664598|1|HPN;R  ;1K116Q   ;*;*;*;*;R;*;*;|134984
1664599|1|HPN;R  ;1K115O   ;*;*;*;*;R;*;*;|134984
1664600|1|HPN;R  ;1K116O   ;*;*;*;*;R;*;*;|134984
1664961|1|HPN;R  ;1K111O   ;*;*;*;*;R;*;*;|134984
1664962|1|HPN;R  ;1K112Q   ;*;*;*;*;R;*;*;|134984
1664963|1|HPN;R  ;1K111Q   ;*;*;*;*;R;*;*;|134984
1664964|1|HPN;R  ;1K112O   ;*;*;*;*;R;*;*;|134984
1664965|1|HPN;R  ;1K113O   ;*;*;*;*;R;*;*;|134984
1664966|1|HPN;R  ;1K113Q   ;*;*;*;*;R;*;*;|134984
1664967|1|HPN;R  ;1K114O   ;*;*;*;*;R;*;*;|134984
1664968|1|HPN;R  ;1K114Q   ;*;*;*;*;R;*;*;|134984
1664969|1|HPN;R  ;1K115O   ;*;*;*;*;R;*;*;|134984
1664970|1|HPN;R  ;1K115Q   ;*;*;*;*;R;*;*;|134984
1664971|1|HPN;R  ;1K116O   ;*;*;*;*;R;*;*;|134984
1664972|1|HPN;R  ;1K116Q   ;*;*;*;*;R;*;*;|134984
1664973|1|HPN;R  ;STVC1    ;*;*;*;*;R;*;*;|134984
1664974|1|HPN;R  ;WMR      ;*;*;*;*;R;*;*;|134984
1664985|1|HPN;R  ;1K111O   ;*;*;*;*;R;*;*;|134984
1664986|1|HPN;R  ;1K112Q   ;*;*;*;*;R;*;*;|134984
1664987|1|HPN;R  ;1K111Q   ;*;*;*;*;R;*;*;|134984
1664988|1|HPN;R  ;1K112O   ;*;*;*;*;R;*;*;|134984
1664989|1|HPN;R  ;1K113O   ;*;*;*;*;R;*;*;|134984
1664990|1|HPN;R  ;1K114O   ;*;*;*;*;R;*;*;|134984
1664991|1|HPN;R  ;1K114Q   ;*;*;*;*;R;*;*;|134984
1664992|1|HPN;R  ;1K115O   ;*;*;*;*;R;*;*;|134984
1664993|1|HPN;R  ;1K115Q   ;*;*;*;*;R;*;*;|134984
1664994|1|HPN;R  ;1K116O   ;*;*;*;*;R;*;*;|134984
1664995|1|HPN;R  ;1K116Q   ;*;*;*;*;R;*;*;|134984
1664996|1|HPN;R  ;1K113Q   ;*;*;*;*;R;*;*;|134984
1664997|1|HPN;R  ;1K111O   ;*;*;*;*;R;*;*;|134984
1664998|1|HPN;R  ;1K112Q   ;*;*;*;*;R;*;*;|134984
1664999|1|HPN;R  ;1K111Q   ;*;*;*;*;R;*;*;|134984
1665000|1|HPN;R  ;1K112O   ;*;*;*;*;R;*;*;|134984
1665001|1|HPN;R  ;1K113O   ;*;*;*;*;R;*;*;|134984
1665002|1|HPN;R  ;1K113Q   ;*;*;*;*;R;*;*;|134984
1665003|1|HPN;R  ;1K114Q   ;*;*;*;*;R;*;*;|134984
1665004|1|HPN;R  ;1K115O   ;*;*;*;*;R;*;*;|134984
1665005|1|HPN;R  ;1K115Q   ;*;*;*;*;R;*;*;|134984
1665006|1|HPN;R  ;1K116O   ;*;*;*;*;R;*;*;|134984
1665007|1|HPN;R  ;1K116Q   ;*;*;*;*;R;*;*;|134984
1665008|1|HPN;R  ;1K114O   ;*;*;*;*;R;*;*;|134984
1665151|1|HPN;R  ;1M212    ;*;*;*;*;R;*;*;|134984
1665152|1|HPN;R  ;1M284    ;*;*;*;*;R;*;*;|134984
1665153|1|HPN;R  ;RCDND    ;*;*;*;*;R;*;*;|134984
1665154|1|HPN;R  ;1M195    ;*;*;*;*;R;*;*;|134984
1665155|1|HPN;R  ;1M196    ;*;*;*;*;R;*;*;|134984
1665156|1|HPN;R  ;1M197    ;*;*;*;*;R;*;*;|134984
1665157|1|HPN;R  ;1M198    ;*;*;*;*;R;*;*;|134984
1665158|1|HPN;R  ;1M199    ;*;*;*;*;R;*;*;|134984
1665159|1|HPN;R  ;1M211    ;*;*;*;*;R;*;*;|134984
1665160|1|HPN;R  ;1M285    ;*;*;*;*;R;*;*;|134984
1665161|1|HPN;R  ;1M286    ;*;*;*;*;R;*;*;|134984
1665162|1|HPN;R  ;1M287    ;*;*;*;*;R;*;*;|134984
1665163|1|HPN;R  ;1M288    ;*;*;*;*;R;*;*;|134984
1665164|1|HPN;R  ;1M289    ;*;*;*;*;R;*;*;|134984
1665165|1|HPN;R  ;1M291    ;*;*;*;*;R;*;*;|134984
1665166|1|HPN;R  ;EVMV1    ;*;*;*;*;R;*;*;|134984
1665167|1|HPN;R  ;EVMV2    ;*;*;*;*;R;*;*;|134984
1665168|1|HPN;R  ;EVMV3    ;*;*;*;*;R;*;*;|134984
1665169|1|HPN;R  ;EVMV4    ;*;*;*;*;R;*;*;|134984
1665170|1|HPN;R  ;EVMVE    ;*;*;*;*;R;*;*;|134984
1665171|1|HPN;R  ;EVMVF    ;*;*;*;*;R;*;*;|134984
1665089|1|HPN;R  ;1M226    ;*;*;*;*;R;*;*;|134984
1665090|1|HPN;R  ;1M213    ;*;*;*;*;R;*;*;|134984
1665091|1|HPN;R  ;1M214    ;*;*;*;*;R;*;*;|134984
1665092|1|HPN;R  ;1M215    ;*;*;*;*;R;*;*;|134984
1665093|1|HPN;R  ;1M216    ;*;*;*;*;R;*;*;|134984
1665094|1|HPN;R  ;1M217    ;*;*;*;*;R;*;*;|134984
1665095|1|HPN;R  ;1M218    ;*;*;*;*;R;*;*;|134984
1665096|1|HPN;R  ;1M219    ;*;*;*;*;R;*;*;|134984
1665097|1|HPN;R  ;1M221    ;*;*;*;*;R;*;*;|134984
1665098|1|HPN;R  ;1M222    ;*;*;*;*;R;*;*;|134984
1665099|1|HPN;R  ;1M224    ;*;*;*;*;R;*;*;|134984
1665100|1|HPN;R  ;1M225    ;*;*;*;*;R;*;*;|134984
1665101|1|HPN;R  ;1M227    ;*;*;*;*;R;*;*;|134984
1665102|1|HPN;R  ;1M228    ;*;*;*;*;R;*;*;|134984
1665103|1|HPN;R  ;1M263    ;*;*;*;*;R;*;*;|134984
1665104|1|HPN;R  ;1M264    ;*;*;*;*;R;*;*;|134984
1665105|1|HPN;R  ;1M265    ;*;*;*;*;R;*;*;|134984
1665106|1|HPN;R  ;1M266    ;*;*;*;*;R;*;*;|134984
1665107|1|HPN;R  ;1M267    ;*;*;*;*;R;*;*;|134984
1665108|1|HPN;R  ;1M268    ;*;*;*;*;R;*;*;|134984
1665109|1|HPN;R  ;1M269    ;*;*;*;*;R;*;*;|134984
1665110|1|HPN;R  ;1M271    ;*;*;*;*;R;*;*;|134984
1665111|1|HPN;R  ;1M272    ;*;*;*;*;R;*;*;|134984
1665112|1|HPN;R  ;1M273    ;*;*;*;*;R;*;*;|134984
1665113|1|HPN;R  ;1M274    ;*;*;*;*;R;*;*;|134984
1665114|1|HPN;R  ;1M275    ;*;*;*;*;R;*;*;|134984
1665115|1|HPN;R  ;1M276    ;*;*;*;*;R;*;*;|134984
1665116|1|HPN;R  ;1M277    ;*;*;*;*;R;*;*;|134984
1665117|1|HPN;R  ;CCTRE    ;*;*;*;*;R;*;*;|134984
1665118|1|HPN;R  ;CCTRF    ;*;*;*;*;R;*;*;|134984
1665119|1|HPN;R  ;PACE1    ;*;*;*;*;R;*;*;|134984
1665120|1|HPN;R  ;PACF1    ;*;*;*;*;R;*;*;|134984
1665121|1|HPN;R  ;PACFB    ;*;*;*;*;R;*;*;|134984
1665122|1|HPN;R  ;PANEB    ;*;*;*;*;R;*;*;|134984
1665123|1|HPN;R  ;PANFB    ;*;*;*;*;R;*;*;|134984
1665124|1|HPN;R  ;RSV4A    ;*;*;*;*;R;*;*;|134984
1665125|1|HPN;R  ;RSVC2    ;*;*;*;*;R;*;*;|134984
1665126|1|HPN;R  ;RSVC4    ;*;*;*;*;R;*;*;|134984
1665127|1|HPN;R  ;RSVC5    ;*;*;*;*;R;*;*;|134984
1665128|1|HPN;R  ;RSVC7    ;*;*;*;*;R;*;*;|134984
1665129|1|HPN;R  ;RSVC9    ;*;*;*;*;R;*;*;|134984
1665130|1|HPN;R  ;1M223    ;*;*;*;*;R;*;*;|134984
1665131|1|HPN;R  ;1M278    ;*;*;*;*;R;*;*;|134984
1665132|1|HPN;R  ;RSVC1    ;*;*;*;*;R;*;*;|134984
1665133|1|HPN;R  ;1M231    ;*;*;*;*;R;*;*;|134984
1665134|1|HPN;R  ;1M232    ;*;*;*;*;R;*;*;|134984
1665135|1|HPN;R  ;1M234    ;*;*;*;*;R;*;*;|134984
1665136|1|HPN;R  ;1M235    ;*;*;*;*;R;*;*;|134984
1665137|1|HPN;R  ;1M279    ;*;*;*;*;R;*;*;|134984
1665138|1|HPN;R  ;1M281    ;*;*;*;*;R;*;*;|134984
1665139|1|HPN;R  ;1M282    ;*;*;*;*;R;*;*;|134984
1665140|1|HPN;R  ;1M283    ;*;*;*;*;R;*;*;|134984
1665141|1|HPN;R  ;BVFS3    ;*;*;*;*;R;*;*;|134984
1665142|1|HPN;R  ;BVFS4    ;*;*;*;*;R;*;*;|134984
1665143|1|HPN;R  ;BVFS5    ;*;*;*;*;R;*;*;|134984
1665144|1|HPN;R  ;VMES3    ;*;*;*;*;R;*;*;|134984
1665145|1|HPN;R  ;VMES4    ;*;*;*;*;R;*;*;|134984
1665146|1|HPN;R  ;VMES5    ;*;*;*;*;R;*;*;|134984
1675404|1|HPN;R  ;1K111O   ;*;*;*;*;R;*;*;|134984
1675405|1|HPN;R  ;1K112Q   ;*;*;*;*;R;*;*;|134984
1675406|1|HPN;R  ;1K111Q   ;*;*;*;*;R;*;*;|134984
1675407|1|HPN;R  ;1K112O   ;*;*;*;*;R;*;*;|134984
1675408|1|HPN;R  ;1K113O   ;*;*;*;*;R;*;*;|134984
1675409|1|HPN;R  ;1K113Q   ;*;*;*;*;R;*;*;|134984
1675410|1|HPN;R  ;1K114O   ;*;*;*;*;R;*;*;|134984
1675411|1|HPN;R  ;1K114Q   ;*;*;*;*;R;*;*;|134984
1675412|1|HPN;R  ;1K115O   ;*;*;*;*;R;*;*;|134984
1675413|1|HPN;R  ;1K115Q   ;*;*;*;*;R;*;*;|134984
1675414|1|HPN;R  ;1K116O   ;*;*;*;*;R;*;*;|134984
1675415|1|HPN;R  ;1K116Q   ;*;*;*;*;R;*;*;|134984
1675929|1|HPN;R  ;1K111O   ;*;*;*;*;R;*;*;|134984
1675930|1|HPN;R  ;1K112Q   ;*;*;*;*;R;*;*;|134984
1675931|1|HPN;R  ;1K111Q   ;*;*;*;*;R;*;*;|134984
1675932|1|HPN;R  ;1K112O   ;*;*;*;*;R;*;*;|134984
1675933|1|HPN;R  ;1K113O   ;*;*;*;*;R;*;*;|134984
1675934|1|HPN;R  ;1K114O   ;*;*;*;*;R;*;*;|134984
1675935|1|HPN;R  ;1K114Q   ;*;*;*;*;R;*;*;|134984
1675936|1|HPN;R  ;1K115O   ;*;*;*;*;R;*;*;|134984
1675937|1|HPN;R  ;1K115Q   ;*;*;*;*;R;*;*;|134984
1675938|1|HPN;R  ;1K116O   ;*;*;*;*;R;*;*;|134984
1675939|1|HPN;R  ;1K116Q   ;*;*;*;*;R;*;*;|134984
1675940|1|HPN;R  ;1K113Q   ;*;*;*;*;R;*;*;|134984
1675941|1|HPN;R  ;1K111O   ;*;*;*;*;R;*;*;|134984
1675942|1|HPN;R  ;1K112Q   ;*;*;*;*;R;*;*;|134984
1675943|1|HPN;R  ;1K111Q   ;*;*;*;*;R;*;*;|134984
1675944|1|HPN;R  ;1K112O   ;*;*;*;*;R;*;*;|134984
1675945|1|HPN;R  ;1K113O   ;*;*;*;*;R;*;*;|134984
1675946|1|HPN;R  ;1K113Q   ;*;*;*;*;R;*;*;|134984
1675947|1|HPN;R  ;1K114Q   ;*;*;*;*;R;*;*;|134984
1675948|1|HPN;R  ;1K115O   ;*;*;*;*;R;*;*;|134984
1675949|1|HPN;R  ;1K115Q   ;*;*;*;*;R;*;*;|134984
1675950|1|HPN;R  ;1K116O   ;*;*;*;*;R;*;*;|134984
1675951|1|HPN;R  ;1K116Q   ;*;*;*;*;R;*;*;|134984
1675952|1|HPN;R  ;1K114O   ;*;*;*;*;R;*;*;|134984
1675953|1|HPN;R  ;1K111O   ;*;*;*;*;R;*;*;|134984
1675954|1|HPN;R  ;1K112Q   ;*;*;*;*;R;*;*;|134984
1675955|1|HPN;R  ;1K111Q   ;*;*;*;*;R;*;*;|134984
1675956|1|HPN;R  ;1K112O   ;*;*;*;*;R;*;*;|134984
1675957|1|HPN;R  ;1K113O   ;*;*;*;*;R;*;*;|134984
1675958|1|HPN;R  ;1K113Q   ;*;*;*;*;R;*;*;|134984
1675959|1|HPN;R  ;1K114Q   ;*;*;*;*;R;*;*;|134984
1675960|1|HPN;R  ;1K115O   ;*;*;*;*;R;*;*;|134984
1675961|1|HPN;R  ;1K115Q   ;*;*;*;*;R;*;*;|134984
1675962|1|HPN;R  ;1K116O   ;*;*;*;*;R;*;*;|134984
1675963|1|HPN;R  ;1K116Q   ;*;*;*;*;R;*;*;|134984
1675964|1|HPN;R  ;1K114O   ;*;*;*;*;R;*;*;|134984
1675969|1|HPN;R  ;1K111O   ;*;*;*;*;R;*;*;|134984
1675970|1|HPN;R  ;1K112Q   ;*;*;*;*;R;*;*;|134984
1675971|1|HPN;R  ;1K111Q   ;*;*;*;*;R;*;*;|134984
1675972|1|HPN;R  ;1K112O   ;*;*;*;*;R;*;*;|134984
1675973|1|HPN;R  ;1K113O   ;*;*;*;*;R;*;*;|134984
1675974|1|HPN;R  ;1K114O   ;*;*;*;*;R;*;*;|134984
1675975|1|HPN;R  ;1K114Q   ;*;*;*;*;R;*;*;|134984
1675976|1|HPN;R  ;1K115O   ;*;*;*;*;R;*;*;|134984
1675977|1|HPN;R  ;1K115Q   ;*;*;*;*;R;*;*;|134984
1675978|1|HPN;R  ;1K116O   ;*;*;*;*;R;*;*;|134984
1675979|1|HPN;R  ;1K116Q   ;*;*;*;*;R;*;*;|134984
1675980|1|HPN;R  ;1K113Q   ;*;*;*;*;R;*;*;|134984
1676729|1|HPN;R  ;1M212    ;*;*;*;*;R;*;*;|134984
1676730|1|HPN;R  ;RCDND    ;*;*;*;*;R;*;*;|134984
1676731|1|HPN;R  ;1M284    ;*;*;*;*;R;*;*;|134984
1676732|1|HPN;R  ;1M229    ;*;*;*;*;R;*;*;|134984
1676733|1|HPN;R  ;1M296    ;*;*;*;*;R;*;*;|134984
1676734|1|HPN;R  ;1K111Q   ;*;*;*;*;R;*;*;|134984
1676735|1|HPN;R  ;1K112Q   ;*;*;*;*;R;*;*;|134984
1676736|1|HPN;R  ;1K112O   ;*;*;*;*;R;*;*;|134984
1676737|1|HPN;R  ;1K111O   ;*;*;*;*;R;*;*;|134984
1676738|1|HPN;R  ;1M241    ;*;*;*;*;R;*;*;|134984
1676739|1|HPN;R  ;1M242    ;*;*;*;*;R;*;*;|134984
1676740|1|HPN;R  ;1M298    ;*;*;*;*;R;*;*;|134984
1676741|1|HPN;R  ;1M299    ;*;*;*;*;R;*;*;|134984
1676909|1|HPN;R  ;1K111O   ;*;*;*;*;R;*;*;|134984
1676910|1|HPN;R  ;1K111Q   ;*;*;*;*;R;*;*;|134984
1676911|1|HPN;R  ;1K112O   ;*;*;*;*;R;*;*;|134984
1676912|1|HPN;R  ;1K112Q   ;*;*;*;*;R;*;*;|134984
1676913|1|HPN;R  ;1K113O   ;*;*;*;*;R;*;*;|134984
1676914|1|HPN;R  ;1K113Q   ;*;*;*;*;R;*;*;|134984
1676915|1|HPN;R  ;1K114O   ;*;*;*;*;R;*;*;|134984
1676916|1|HPN;R  ;1K114Q   ;*;*;*;*;R;*;*;|134984
1676917|1|HPN;R  ;1K115O   ;*;*;*;*;R;*;*;|134984
1676918|1|HPN;R  ;1K115Q   ;*;*;*;*;R;*;*;|134984
1676919|1|HPN;R  ;1K116O   ;*;*;*;*;R;*;*;|134984
1676920|1|HPN;R  ;1K116Q   ;*;*;*;*;R;*;*;|134984
1676921|1|HPN;R  ;1K111O   ;*;*;*;*;R;*;*;|134984
1676922|1|HPN;R  ;1K111Q   ;*;*;*;*;R;*;*;|134984
1676923|1|HPN;R  ;1K112O   ;*;*;*;*;R;*;*;|134984
1676924|1|HPN;R  ;1K112Q   ;*;*;*;*;R;*;*;|134984
1676925|1|HPN;R  ;1K113O   ;*;*;*;*;R;*;*;|134984
1676926|1|HPN;R  ;1K116Q   ;*;*;*;*;R;*;*;|134984
1676927|1|HPN;R  ;1K114O   ;*;*;*;*;R;*;*;|134984
1676928|1|HPN;R  ;1K114Q   ;*;*;*;*;R;*;*;|134984
1676929|1|HPN;R  ;1K115O   ;*;*;*;*;R;*;*;|134984
1676930|1|HPN;R  ;1K115Q   ;*;*;*;*;R;*;*;|134984
1676931|1|HPN;R  ;1K116O   ;*;*;*;*;R;*;*;|134984
1676932|1|HPN;R  ;1K113Q   ;*;*;*;*;R;*;*;|134984
1676933|1|HPN;R  ;1K111O   ;*;*;*;*;R;*;*;|134984
1676934|1|HPN;R  ;1K111Q   ;*;*;*;*;R;*;*;|134984
1676935|1|HPN;R  ;1K112O   ;*;*;*;*;R;*;*;|134984
1676936|1|HPN;R  ;1K112Q   ;*;*;*;*;R;*;*;|134984
1676937|1|HPN;R  ;1K113O   ;*;*;*;*;R;*;*;|134984
1676938|1|HPN;R  ;1K116Q   ;*;*;*;*;R;*;*;|134984
1676939|1|HPN;R  ;1K114O   ;*;*;*;*;R;*;*;|134984
1676940|1|HPN;R  ;1K114Q   ;*;*;*;*;R;*;*;|134984
1676941|1|HPN;R  ;1K115O   ;*;*;*;*;R;*;*;|134984
1676942|1|HPN;R  ;1K115Q   ;*;*;*;*;R;*;*;|134984
1676943|1|HPN;R  ;1K116O   ;*;*;*;*;R;*;*;|134984
1676944|1|HPN;R  ;1K113Q   ;*;*;*;*;R;*;*;|134984
1676957|1|HPN;R  ;1K111O   ;*;*;*;*;R;*;*;|134984
1676958|1|HPN;R  ;1K111Q   ;*;*;*;*;R;*;*;|134984
1676959|1|HPN;R  ;1K112O   ;*;*;*;*;R;*;*;|134984
1676960|1|HPN;R  ;1K112Q   ;*;*;*;*;R;*;*;|134984
1676961|1|HPN;R  ;1K113O   ;*;*;*;*;R;*;*;|134984
1676962|1|HPN;R  ;1K113Q   ;*;*;*;*;R;*;*;|134984
1676963|1|HPN;R  ;1K114O   ;*;*;*;*;R;*;*;|134984
1676964|1|HPN;R  ;1K114Q   ;*;*;*;*;R;*;*;|134984
1676965|1|HPN;R  ;1K115O   ;*;*;*;*;R;*;*;|134984
1676966|1|HPN;R  ;1K115Q   ;*;*;*;*;R;*;*;|134984
1676967|1|HPN;R  ;1K116O   ;*;*;*;*;R;*;*;|134984
1676968|1|HPN;R  ;1K116Q   ;*;*;*;*;R;*;*;|134984
1676969|1|HPN;R  ;1K111O   ;*;*;*;*;R;*;*;|134984
1676970|1|HPN;R  ;1K111Q   ;*;*;*;*;R;*;*;|134984
1676971|1|HPN;R  ;1K112O   ;*;*;*;*;R;*;*;|134984
1676972|1|HPN;R  ;1K112Q   ;*;*;*;*;R;*;*;|134984
1676973|1|HPN;R  ;1K113O   ;*;*;*;*;R;*;*;|134984
1676974|1|HPN;R  ;1K116Q   ;*;*;*;*;R;*;*;|134984
1676975|1|HPN;R  ;1K114O   ;*;*;*;*;R;*;*;|134984
1676976|1|HPN;R  ;1K114Q   ;*;*;*;*;R;*;*;|134984
1676977|1|HPN;R  ;1K115O   ;*;*;*;*;R;*;*;|134984
1676978|1|HPN;R  ;1K115Q   ;*;*;*;*;R;*;*;|134984
1676979|1|HPN;R  ;1K116O   ;*;*;*;*;R;*;*;|134984
1676980|1|HPN;R  ;1K113Q   ;*;*;*;*;R;*;*;|134984
1676981|1|HPN;R  ;1K111O   ;*;*;*;*;R;*;*;|134984
1676982|1|HPN;R  ;1K111Q   ;*;*;*;*;R;*;*;|134984
1676983|1|HPN;R  ;1K112O   ;*;*;*;*;R;*;*;|134984
1676984|1|HPN;R  ;1K112Q   ;*;*;*;*;R;*;*;|134984
1676985|1|HPN;R  ;1K113O   ;*;*;*;*;R;*;*;|134984
1676986|1|HPN;R  ;1K116Q   ;*;*;*;*;R;*;*;|134984
1676987|1|HPN;R  ;1K114O   ;*;*;*;*;R;*;*;|134984
1676988|1|HPN;R  ;1K114Q   ;*;*;*;*;R;*;*;|134984
1676989|1|HPN;R  ;1K115O   ;*;*;*;*;R;*;*;|134984
1676990|1|HPN;R  ;1K115Q   ;*;*;*;*;R;*;*;|134984
1676991|1|HPN;R  ;1K116O   ;*;*;*;*;R;*;*;|134984
1676992|1|HPN;R  ;1K113Q   ;*;*;*;*;R;*;*;|134984
1677189|1|HPN;R  ;1K111O   ;*;*;*;*;R;*;*;|134984
1677190|1|HPN;R  ;1K112Q   ;*;*;*;*;R;*;*;|134984
1677191|1|HPN;R  ;1K111Q   ;*;*;*;*;R;*;*;|134984
1677192|1|HPN;R  ;1K112O   ;*;*;*;*;R;*;*;|134984
1677193|1|HPN;R  ;1K113O   ;*;*;*;*;R;*;*;|134984
1677194|1|HPN;R  ;1K114O   ;*;*;*;*;R;*;*;|134984
1677195|1|HPN;R  ;1K114Q   ;*;*;*;*;R;*;*;|134984
1677196|1|HPN;R  ;1K115O   ;*;*;*;*;R;*;*;|134984
1677197|1|HPN;R  ;1K115Q   ;*;*;*;*;R;*;*;|134984
1677198|1|HPN;R  ;1K116O   ;*;*;*;*;R;*;*;|134984
1677199|1|HPN;R  ;1K116Q   ;*;*;*;*;R;*;*;|134984
1677200|1|HPN;R  ;1K113Q   ;*;*;*;*;R;*;*;|134984
1677201|1|HPN;R  ;RL911    ;*;*;*;*;R;*;*;|134984
1677202|1|HPN;R  ;1K111O   ;*;*;*;*;R;*;*;|134984
1677203|1|HPN;R  ;1K112Q   ;*;*;*;*;R;*;*;|134984
1677204|1|HPN;R  ;1K111Q   ;*;*;*;*;R;*;*;|134984
1677205|1|HPN;R  ;1K112O   ;*;*;*;*;R;*;*;|134984
1677206|1|HPN;R  ;1K113O   ;*;*;*;*;R;*;*;|134984
1677207|1|HPN;R  ;1K113Q   ;*;*;*;*;R;*;*;|134984
1677208|1|HPN;R  ;1K114Q   ;*;*;*;*;R;*;*;|134984
1677209|1|HPN;R  ;1K115O   ;*;*;*;*;R;*;*;|134984
1677210|1|HPN;R  ;1K115Q   ;*;*;*;*;R;*;*;|134984
1677211|1|HPN;R  ;1K116O   ;*;*;*;*;R;*;*;|134984
1677212|1|HPN;R  ;1K116Q   ;*;*;*;*;R;*;*;|134984
1677213|1|HPN;R  ;1K114O   ;*;*;*;*;R;*;*;|134984
1677214|1|HPN;R  ;RL911    ;*;*;*;*;R;*;*;|134984
1678543|1|HPN;R  ;1K111O   ;*;*;*;*;R;*;*;|134984
1678544|1|HPN;R  ;1K111Q   ;*;*;*;*;R;*;*;|134984
1678545|1|HPN;R  ;1K112O   ;*;*;*;*;R;*;*;|134984
1678546|1|HPN;R  ;1K112Q   ;*;*;*;*;R;*;*;|134984
1678547|1|HPN;R  ;1K113O   ;*;*;*;*;R;*;*;|134984
1678548|1|HPN;R  ;1K116Q   ;*;*;*;*;R;*;*;|134984
1678549|1|HPN;R  ;1K114O   ;*;*;*;*;R;*;*;|134984
1678550|1|HPN;R  ;1K114Q   ;*;*;*;*;R;*;*;|134984
1678551|1|HPN;R  ;1K115O   ;*;*;*;*;R;*;*;|134984
1678552|1|HPN;R  ;1K115Q   ;*;*;*;*;R;*;*;|134984
1678553|1|HPN;R  ;1K116O   ;*;*;*;*;R;*;*;|134984
1678554|1|HPN;R  ;1K113Q   ;*;*;*;*;R;*;*;|134984
1678531|1|HPN;R  ;1K111O   ;*;*;*;*;R;*;*;|134984
1678532|1|HPN;R  ;1K111Q   ;*;*;*;*;R;*;*;|134984
1678533|1|HPN;R  ;1K112O   ;*;*;*;*;R;*;*;|134984
1678534|1|HPN;R  ;1K112Q   ;*;*;*;*;R;*;*;|134984
1678535|1|HPN;R  ;1K113O   ;*;*;*;*;R;*;*;|134984
1678536|1|HPN;R  ;1K113Q   ;*;*;*;*;R;*;*;|134984
1678537|1|HPN;R  ;1K114O   ;*;*;*;*;R;*;*;|134984
1678538|1|HPN;R  ;1K114Q   ;*;*;*;*;R;*;*;|134984
1678539|1|HPN;R  ;1K115O   ;*;*;*;*;R;*;*;|134984
1678540|1|HPN;R  ;1K115Q   ;*;*;*;*;R;*;*;|134984
1678541|1|HPN;R  ;1K116O   ;*;*;*;*;R;*;*;|134984
1678542|1|HPN;R  ;1K116Q   ;*;*;*;*;R;*;*;|134984
1732113|1|HPN;R  ;1K111O   ;*;*;*;*;R;*;*;|134984
1732114|1|HPN;R  ;1K111Q   ;*;*;*;*;R;*;*;|134984
1732115|1|HPN;R  ;1K112O   ;*;*;*;*;R;*;*;|134984
1732116|1|HPN;R  ;1K112Q   ;*;*;*;*;R;*;*;|134984
1732117|1|HPN;R  ;1K113O   ;*;*;*;*;R;*;*;|134984
1732118|1|HPN;R  ;1K116Q   ;*;*;*;*;R;*;*;|134984
1732119|1|HPN;R  ;1K114O   ;*;*;*;*;R;*;*;|134984
1732120|1|HPN;R  ;1K114Q   ;*;*;*;*;R;*;*;|134984
1732121|1|HPN;R  ;1K115O   ;*;*;*;*;R;*;*;|134984
1732122|1|HPN;R  ;1K115Q   ;*;*;*;*;R;*;*;|134984
1732123|1|HPN;R  ;1K116O   ;*;*;*;*;R;*;*;|134984
1732124|1|HPN;R  ;1K113Q   ;*;*;*;*;R;*;*;|134984
1732125|1|HPN;R  ;1K111O   ;*;*;*;*;R;*;*;|134984
1732126|1|HPN;R  ;1K111Q   ;*;*;*;*;R;*;*;|134984
1732127|1|HPN;R  ;1K112O   ;*;*;*;*;R;*;*;|134984
1732128|1|HPN;R  ;1K112Q   ;*;*;*;*;R;*;*;|134984
1732129|1|HPN;R  ;1K113O   ;*;*;*;*;R;*;*;|134984
1732130|1|HPN;R  ;1K113Q   ;*;*;*;*;R;*;*;|134984
1732131|1|HPN;R  ;1K114O   ;*;*;*;*;R;*;*;|134984
1732132|1|HPN;R  ;1K114Q   ;*;*;*;*;R;*;*;|134984
1732133|1|HPN;R  ;1K115O   ;*;*;*;*;R;*;*;|134984
1732134|1|HPN;R  ;1K115Q   ;*;*;*;*;R;*;*;|134984
1732135|1|HPN;R  ;1K116O   ;*;*;*;*;R;*;*;|134984
1732136|1|HPN;R  ;1K116Q   ;*;*;*;*;R;*;*;|134984
1693529|1|HPN;R  ;1LRA1    ;*;*;*;*;R;*;*;|134984
1693530|1|HPN;R  ;1LRA2    ;*;*;*;*;R;*;*;|134984
1693531|1|HPN;R  ;1LRB1    ;*;*;*;*;R;*;*;|134984
1693532|1|HPN;R  ;1LRB2    ;*;*;*;*;R;*;*;|134984
1693533|1|HPN;R  ;1LRB3    ;*;*;*;*;R;*;*;|134984
1693534|1|HPN;R  ;1LRC1    ;*;*;*;*;R;*;*;|134984
1693535|1|HPN;R  ;1LRC2A   ;*;*;*;*;R;*;*;|134984
1693536|1|HPN;R  ;1LRC2B   ;*;*;*;*;R;*;*;|134984
1693537|1|HPN;R  ;1LRD1    ;*;*;*;*;R;*;*;|134984
1693538|1|HPN;R  ;1LRD2A   ;*;*;*;*;R;*;*;|134984
1693539|1|HPN;R  ;1LRD2B   ;*;*;*;*;R;*;*;|134984
1693540|1|HPN;R  ;1LRD2C   ;*;*;*;*;R;*;*;|134984
1693541|1|HPN;R  ;1LRE1    ;*;*;*;*;R;*;*;|134984
1693542|1|HPN;R  ;1LRE2    ;*;*;*;*;R;*;*;|134984
1693543|1|HPN;R  ;1LRE3    ;*;*;*;*;R;*;*;|134984
1693544|1|HPN;R  ;1LRE4    ;*;*;*;*;R;*;*;|134984
1693545|1|HPN;R  ;1LRF1    ;*;*;*;*;R;*;*;|134984
1693546|1|HPN;R  ;1LRF2    ;*;*;*;*;R;*;*;|134984
1693547|1|HPN;R  ;1LRF3    ;*;*;*;*;R;*;*;|134984
1693548|1|HPN;R  ;1LRF4    ;*;*;*;*;R;*;*;|134984
1693549|1|HPN;R  ;1LRF5    ;*;*;*;*;R;*;*;|134984
1693550|1|HPN;R  ;1LRF6    ;*;*;*;*;R;*;*;|134984
1693551|1|HPN;R  ;1LRF7    ;*;*;*;*;R;*;*;|134984
1693552|1|HPN;R  ;1LRFBA1  ;*;*;*;*;R;*;*;|134984
1693553|1|HPN;R  ;1LRFBA2  ;*;*;*;*;R;*;*;|134984
1693554|1|HPN;R  ;1LRFBB1  ;*;*;*;*;R;*;*;|134984
1693555|1|HPN;R  ;1LRFBB2  ;*;*;*;*;R;*;*;|134984
1693556|1|HPN;R  ;1LRFBB3  ;*;*;*;*;R;*;*;|134984
1693557|1|HPN;R  ;1LRFBC1  ;*;*;*;*;R;*;*;|134984
1693558|1|HPN;R  ;1LRFBC2A ;*;*;*;*;R;*;*;|134984
1693559|1|HPN;R  ;1LRFBC2B ;*;*;*;*;R;*;*;|134984
1693560|1|HPN;R  ;1LRFBD1  ;*;*;*;*;R;*;*;|134984
1693561|1|HPN;R  ;1LRFBD2A ;*;*;*;*;R;*;*;|134984
1693562|1|HPN;R  ;1LRFBD2B ;*;*;*;*;R;*;*;|134984
1693563|1|HPN;R  ;1LRFBD2C ;*;*;*;*;R;*;*;|134984
1693564|1|HPN;R  ;1LRFCA1  ;*;*;*;*;R;*;*;|134984
1693565|1|HPN;R  ;1LRFCA2  ;*;*;*;*;R;*;*;|134984
1693566|1|HPN;R  ;1LRFCB1  ;*;*;*;*;R;*;*;|134984
1693567|1|HPN;R  ;1LRFCB2  ;*;*;*;*;R;*;*;|134984
1693568|1|HPN;R  ;1LRFCB3  ;*;*;*;*;R;*;*;|134984
1693569|1|HPN;R  ;1LRFCC1  ;*;*;*;*;R;*;*;|134984
1693570|1|HPN;R  ;1LRFCC2A ;*;*;*;*;R;*;*;|134984
1693571|1|HPN;R  ;1LRFCC2B ;*;*;*;*;R;*;*;|134984
1693572|1|HPN;R  ;1LRFCD1  ;*;*;*;*;R;*;*;|134984
1693573|1|HPN;R  ;1LRFCD2A ;*;*;*;*;R;*;*;|134984
1693574|1|HPN;R  ;1LRFCD2B ;*;*;*;*;R;*;*;|134984
1693575|1|HPN;R  ;1LRFCD2C ;*;*;*;*;R;*;*;|134984
1693576|1|HPN;R  ;1LRG1    ;*;*;*;*;R;*;*;|134984
1693577|1|HPN;R  ;1LRG2    ;*;*;*;*;R;*;*;|134984
1693578|1|HPN;R  ;1LRHCE1  ;*;*;*;*;R;*;*;|134984
1693579|1|HPN;R  ;1LRHCE2  ;*;*;*;*;R;*;*;|134984
1693580|1|HPN;R  ;1LRHCE3  ;*;*;*;*;R;*;*;|134984
1693581|1|HPN;R  ;1LRHCE4  ;*;*;*;*;R;*;*;|134984
1693582|1|HPN;R  ;1LRHCF1  ;*;*;*;*;R;*;*;|134984
1693583|1|HPN;R  ;1LRHCF2  ;*;*;*;*;R;*;*;|134984
1693584|1|HPN;R  ;1LRHCF3  ;*;*;*;*;R;*;*;|134984
1693585|1|HPN;R  ;1LRHCF4  ;*;*;*;*;R;*;*;|134984
1693586|1|HPN;R  ;1LRHCF5  ;*;*;*;*;R;*;*;|134984
1693587|1|HPN;R  ;1LRHCF6  ;*;*;*;*;R;*;*;|134984
1693588|1|HPN;R  ;1LRHCF7  ;*;*;*;*;R;*;*;|134984
1693589|1|HPN;R  ;1LRHCG1  ;*;*;*;*;R;*;*;|134984
1693590|1|HPN;R  ;1LRHCG2  ;*;*;*;*;R;*;*;|134984
1693591|1|HPN;R  ;1LRA1    ;*;*;*;*;R;*;*;|134984
1693592|1|HPN;R  ;1LRA2    ;*;*;*;*;R;*;*;|134984
1693593|1|HPN;R  ;1LRB1    ;*;*;*;*;R;*;*;|134984
1693594|1|HPN;R  ;1LRB2    ;*;*;*;*;R;*;*;|134984
1693595|1|HPN;R  ;1LRB3    ;*;*;*;*;R;*;*;|134984
1693596|1|HPN;R  ;1LRC1    ;*;*;*;*;R;*;*;|134984
1693597|1|HPN;R  ;1LRC2A   ;*;*;*;*;R;*;*;|134984
1693598|1|HPN;R  ;1LRC2B   ;*;*;*;*;R;*;*;|134984
1693599|1|HPN;R  ;1LRD1    ;*;*;*;*;R;*;*;|134984
1693600|1|HPN;R  ;1LRD2A   ;*;*;*;*;R;*;*;|134984
1693601|1|HPN;R  ;1LRD2B   ;*;*;*;*;R;*;*;|134984
1693602|1|HPN;R  ;1LRD2C   ;*;*;*;*;R;*;*;|134984
1693603|1|HPN;R  ;1LRE1    ;*;*;*;*;R;*;*;|134984
1693604|1|HPN;R  ;1LRE2    ;*;*;*;*;R;*;*;|134984
1693605|1|HPN;R  ;1LRE3    ;*;*;*;*;R;*;*;|134984
1693606|1|HPN;R  ;1LRE4    ;*;*;*;*;R;*;*;|134984
1693607|1|HPN;R  ;1LRF1    ;*;*;*;*;R;*;*;|134984
1693608|1|HPN;R  ;1LRF2    ;*;*;*;*;R;*;*;|134984
1693609|1|HPN;R  ;1LRF3    ;*;*;*;*;R;*;*;|134984
1693610|1|HPN;R  ;1LRF4    ;*;*;*;*;R;*;*;|134984
1693611|1|HPN;R  ;1LRF5    ;*;*;*;*;R;*;*;|134984
1693612|1|HPN;R  ;1LRF6    ;*;*;*;*;R;*;*;|134984
1693613|1|HPN;R  ;1LRF7    ;*;*;*;*;R;*;*;|134984
1693614|1|HPN;R  ;1LRFBA1  ;*;*;*;*;R;*;*;|134984
1693615|1|HPN;R  ;1LRFBA2  ;*;*;*;*;R;*;*;|134984
1693616|1|HPN;R  ;1LRFBB1  ;*;*;*;*;R;*;*;|134984
1693617|1|HPN;R  ;1LRFBB2  ;*;*;*;*;R;*;*;|134984
1693618|1|HPN;R  ;1LRFBB3  ;*;*;*;*;R;*;*;|134984
1693619|1|HPN;R  ;1LRFBC1  ;*;*;*;*;R;*;*;|134984
1693620|1|HPN;R  ;1LRFBC2A ;*;*;*;*;R;*;*;|134984
1693621|1|HPN;R  ;1LRFBC2B ;*;*;*;*;R;*;*;|134984
1693622|1|HPN;R  ;1LRFBD1  ;*;*;*;*;R;*;*;|134984
1693623|1|HPN;R  ;1LRFBD2A ;*;*;*;*;R;*;*;|134984
1693624|1|HPN;R  ;1LRFBD2B ;*;*;*;*;R;*;*;|134984
1693625|1|HPN;R  ;1LRFBD2C ;*;*;*;*;R;*;*;|134984
1693626|1|HPN;R  ;1LRFCA1  ;*;*;*;*;R;*;*;|134984
1693627|1|HPN;R  ;1LRFCA2  ;*;*;*;*;R;*;*;|134984
1693628|1|HPN;R  ;1LRFCB1  ;*;*;*;*;R;*;*;|134984
1693629|1|HPN;R  ;1LRFCB2  ;*;*;*;*;R;*;*;|134984
1693630|1|HPN;R  ;1LRFCB3  ;*;*;*;*;R;*;*;|134984
1693631|1|HPN;R  ;1LRFCC1  ;*;*;*;*;R;*;*;|134984
1693632|1|HPN;R  ;1LRFCC2A ;*;*;*;*;R;*;*;|134984
